"FREQ";"Y";"r xyce/I(PR2)";"i xyce/I(PR2)"
-2.5e+11;0.001;3.78335e-20;-2.73433e-20
-2e+11;0.001;5.96772e-20;1.81649e-20
-1.5e+11;0.001;2.07538e-20;9.97646e-20
-1e+11;0.001;1.69924e-20;2.69727e-20
-5e+10;0.001;-1.45605e-19;0.0005
0;0.001;2.10894e-21;0
5e+10;0.001;-1.45605e-19;-0.0005
1e+11;0.001;1.69924e-20;-2.69727e-20
1.5e+11;0.001;2.07538e-20;-9.97646e-20
2e+11;0.001;5.96772e-20;-1.81649e-20
2.5e+11;0.001;3.78335e-20;2.73433e-20
-2.5e+11;0.00124623;5.06053e-20;3.30302e-21
-2e+11;0.00124623;7.00953e-20;7.90494e-20
-1.5e+11;0.00124623;4.65671e-20;8.52288e-20
-1e+11;0.00124623;1.08707e-20;3.87366e-20
-5e+10;0.00124623;-1.90873e-19;0.000623115
0;0.00124623;4.0381e-21;0
5e+10;0.00124623;-1.90873e-19;-0.000623115
1e+11;0.00124623;1.08707e-20;-3.87366e-20
1.5e+11;0.00124623;4.65671e-20;-8.52288e-20
2e+11;0.00124623;7.00953e-20;-7.90494e-20
2.5e+11;0.00124623;5.06053e-20;-3.30302e-21
-2.5e+11;0.00149246;5.76555e-20;-9.37645e-20
-2e+11;0.00149246;8.02736e-20;1.28603e-20
-1.5e+11;0.00149246;5.98058e-20;1.01879e-19
-1e+11;0.00149246;3.06287e-20;3.961e-20
-5e+10;0.00149246;-2.25908e-19;0.000746231
0;0.00149246;-4.02896e-20;0
5e+10;0.00149246;-2.25908e-19;-0.000746231
1e+11;0.00149246;3.06287e-20;-3.961e-20
1.5e+11;0.00149246;5.98058e-20;-1.01879e-19
2e+11;0.00149246;8.02736e-20;-1.28603e-20
2.5e+11;0.00149246;5.76555e-20;9.37645e-20
-2.5e+11;0.00173869;7.43639e-20;3.84179e-20
-2e+11;0.00173869;5.86492e-20;1.10977e-19
-1.5e+11;0.00173869;6.31572e-20;7.99197e-20
-1e+11;0.00173869;6.38694e-20;3.89109e-20
-5e+10;0.00173869;-2.81599e-19;0.000869346
0;0.00173869;6.93951e-20;0
5e+10;0.00173869;-2.81599e-19;-0.000869346
1e+11;0.00173869;6.38694e-20;-3.89109e-20
1.5e+11;0.00173869;6.31572e-20;-7.99197e-20
2e+11;0.00173869;5.86492e-20;-1.10977e-19
2.5e+11;0.00173869;7.43639e-20;-3.84179e-20
-2.5e+11;0.00198492;6.13036e-20;7.99735e-20
-2e+11;0.00198492;9.63967e-20;6.95401e-21
-1.5e+11;0.00198492;6.55286e-20;1.47914e-19
-1e+11;0.00198492;7.8004e-20;1.21014e-19
-5e+10;0.00198492;-3.06764e-19;0.000992462
0;0.00198492;1.04529e-22;0
5e+10;0.00198492;-3.06764e-19;-0.000992462
1e+11;0.00198492;7.8004e-20;-1.21014e-19
1.5e+11;0.00198492;6.55286e-20;-1.47914e-19
2e+11;0.00198492;9.63967e-20;-6.95401e-21
2.5e+11;0.00198492;6.13036e-20;-7.99735e-20
-2.5e+11;0.00223115;1.4113e-19;2.23338e-20
-2e+11;0.00223115;1.22675e-19;3.72823e-20
-1.5e+11;0.00223115;3.764e-20;1.29084e-19
-1e+11;0.00223115;-2.16405e-20;6.50154e-20
-5e+10;0.00223115;-3.37986e-19;0.00111558
0;0.00223115;2.63332e-20;0
5e+10;0.00223115;-3.37986e-19;-0.00111558
1e+11;0.00223115;-2.16405e-20;-6.50154e-20
1.5e+11;0.00223115;3.764e-20;-1.29084e-19
2e+11;0.00223115;1.22675e-19;-3.72823e-20
2.5e+11;0.00223115;1.4113e-19;-2.23338e-20
-2.5e+11;0.00247739;6.84466e-20;1.55738e-19
-2e+11;0.00247739;1.59861e-19;1.48756e-19
-1.5e+11;0.00247739;9.65442e-20;-7.75805e-21
-1e+11;0.00247739;6.97682e-20;9.81852e-20
-5e+10;0.00247739;-3.913e-19;0.00123869
0;0.00247739;-2.4899e-19;0
5e+10;0.00247739;-3.913e-19;-0.00123869
1e+11;0.00247739;6.97682e-20;-9.81852e-20
1.5e+11;0.00247739;9.65442e-20;7.75805e-21
2e+11;0.00247739;1.59861e-19;-1.48756e-19
2.5e+11;0.00247739;6.84466e-20;-1.55738e-19
-2.5e+11;0.00272362;1.7377e-19;-5.16155e-20
-2e+11;0.00272362;6.01769e-20;1.20889e-19
-1.5e+11;0.00272362;1.2488e-19;2.10015e-19
-1e+11;0.00272362;1.43535e-19;-2.46973e-20
-5e+10;0.00272362;-4.82473e-19;0.00136181
0;0.00272362;1.42673e-19;0
5e+10;0.00272362;-4.82473e-19;-0.00136181
1e+11;0.00272362;1.43535e-19;2.46973e-20
1.5e+11;0.00272362;1.2488e-19;-2.10015e-19
2e+11;0.00272362;6.01769e-20;-1.20889e-19
2.5e+11;0.00272362;1.7377e-19;5.16155e-20
-2.5e+11;0.00296985;1.00279e-19;1.97129e-19
-2e+11;0.00296985;1.64203e-19;9.71228e-20
-1.5e+11;0.00296985;1.13641e-19;1.39501e-19
-1e+11;0.00296985;6.27033e-20;1.13294e-19
-5e+10;0.00296985;-4.69628e-19;0.00148492
0;0.00296985;3.06482e-20;0
5e+10;0.00296985;-4.69628e-19;-0.00148492
1e+11;0.00296985;6.27033e-20;-1.13294e-19
1.5e+11;0.00296985;1.13641e-19;-1.39501e-19
2e+11;0.00296985;1.64203e-19;-9.71228e-20
2.5e+11;0.00296985;1.00279e-19;-1.97129e-19
-2.5e+11;0.00321608;1.86434e-19;-3.84586e-20
-2e+11;0.00321608;1.62104e-19;1.56128e-19
-1.5e+11;0.00321608;1.04565e-19;3.31423e-19
-1e+11;0.00321608;1.8382e-20;-5.55188e-22
-5e+10;0.00321608;-5.24062e-19;0.00160804
0;0.00321608;1.03711e-19;0
5e+10;0.00321608;-5.24062e-19;-0.00160804
1e+11;0.00321608;1.8382e-20;5.55188e-22
1.5e+11;0.00321608;1.04565e-19;-3.31423e-19
2e+11;0.00321608;1.62104e-19;-1.56128e-19
2.5e+11;0.00321608;1.86434e-19;3.84586e-20
-2.5e+11;0.00346231;1.24563e-19;1.96098e-19
-2e+11;0.00346231;2.49898e-19;1.56121e-19
-1.5e+11;0.00346231;1.30441e-19;8.04566e-20
-1e+11;0.00346231;-1.81558e-20;3.36352e-19
-5e+10;0.00346231;-5.34276e-19;0.00173116
0;0.00346231;1.67573e-19;0
5e+10;0.00346231;-5.34276e-19;-0.00173116
1e+11;0.00346231;-1.81558e-20;-3.36352e-19
1.5e+11;0.00346231;1.30441e-19;-8.04566e-20
2e+11;0.00346231;2.49898e-19;-1.56121e-19
2.5e+11;0.00346231;1.24563e-19;-1.96098e-19
-2.5e+11;0.00370854;1.37151e-19;-3.04277e-22
-2e+11;0.00370854;1.53175e-19;7.76882e-20
-1.5e+11;0.00370854;1.37412e-19;2.74051e-19
-1e+11;0.00370854;1.17737e-20;1.55521e-19
-5e+10;0.00370854;-5.41743e-19;0.00185427
0;0.00370854;1.90032e-19;0
5e+10;0.00370854;-5.41743e-19;-0.00185427
1e+11;0.00370854;1.17737e-20;-1.55521e-19
1.5e+11;0.00370854;1.37412e-19;-2.74051e-19
2e+11;0.00370854;1.53175e-19;-7.76882e-20
2.5e+11;0.00370854;1.37151e-19;3.04277e-22
-2.5e+11;0.00395477;1.03253e-19;2.75931e-19
-2e+11;0.00395477;2.45902e-19;3.15387e-19
-1.5e+11;0.00395477;1.26537e-19;2.36613e-19
-1e+11;0.00395477;1.17126e-19;7.88552e-20
-5e+10;0.00395477;-5.678e-19;0.00197739
0;0.00395477;-1.15935e-20;0
5e+10;0.00395477;-5.678e-19;-0.00197739
1e+11;0.00395477;1.17126e-19;-7.88552e-20
1.5e+11;0.00395477;1.26537e-19;-2.36613e-19
2e+11;0.00395477;2.45902e-19;-3.15387e-19
2.5e+11;0.00395477;1.03253e-19;-2.75931e-19
-2.5e+11;0.004201;1.11179e-19;7.85509e-20
-2e+11;0.004201;1.86772e-19;1.58517e-19
-1.5e+11;0.004201;2.47164e-19;1.19236e-19
-1e+11;0.004201;-4.06813e-20;2.3793e-19
-5e+10;0.004201;-7.00435e-19;0.0021005
0;0.004201;8.40202e-20;0
5e+10;0.004201;-7.00435e-19;-0.0021005
1e+11;0.004201;-4.06813e-20;-2.3793e-19
1.5e+11;0.004201;2.47164e-19;-1.19236e-19
2e+11;0.004201;1.86772e-19;-1.58517e-19
2.5e+11;0.004201;1.11179e-19;-7.85509e-20
-2.5e+11;0.00444723;3.27413e-19;-2.13236e-19
-2e+11;0.00444723;1.39567e-19;3.20067e-20
-1.5e+11;0.00444723;9.55793e-20;1.15485e-19
-1e+11;0.00444723;5.88086e-20;1.42468e-19
-5e+10;0.00444723;-7.29401e-19;0.00222362
0;0.00444723;1.03242e-19;0
5e+10;0.00444723;-7.29401e-19;-0.00222362
1e+11;0.00444723;5.88086e-20;-1.42468e-19
1.5e+11;0.00444723;9.55793e-20;-1.15485e-19
2e+11;0.00444723;1.39567e-19;-3.20067e-20
2.5e+11;0.00444723;3.27413e-19;2.13236e-19
-2.5e+11;0.00469346;1.08834e-19;3.05918e-20
-2e+11;0.00469346;3.18914e-19;1.80549e-19
-1.5e+11;0.00469346;2.65732e-19;3.44929e-19
-1e+11;0.00469346;9.97917e-20;6.66432e-20
-5e+10;0.00469346;-7.95212e-19;0.00234673
0;0.00469346;-9.02398e-21;0
5e+10;0.00469346;-7.95212e-19;-0.00234673
1e+11;0.00469346;9.97917e-20;-6.66432e-20
1.5e+11;0.00469346;2.65732e-19;-3.44929e-19
2e+11;0.00469346;3.18914e-19;-1.80549e-19
2.5e+11;0.00469346;1.08834e-19;-3.05918e-20
-2.5e+11;0.0049397;2.58425e-19;2.05321e-19
-2e+11;0.0049397;1.89737e-19;3.76766e-19
-1.5e+11;0.0049397;1.12438e-19;3.9819e-19
-1e+11;0.0049397;1.15036e-19;8.5536e-20
-5e+10;0.0049397;-7.6234e-19;0.00246985
0;0.0049397;1.34133e-19;0
5e+10;0.0049397;-7.6234e-19;-0.00246985
1e+11;0.0049397;1.15036e-19;-8.5536e-20
1.5e+11;0.0049397;1.12438e-19;-3.9819e-19
2e+11;0.0049397;1.89737e-19;-3.76766e-19
2.5e+11;0.0049397;2.58425e-19;-2.05321e-19
-2.5e+11;0.00518593;2.68392e-19;-7.67562e-21
-2e+11;0.00518593;2.67853e-19;1.47036e-19
-1.5e+11;0.00518593;2.39673e-19;3.8958e-19
-1e+11;0.00518593;9.08298e-20;1.98018e-19
-5e+10;0.00518593;-8.91605e-19;0.00259296
0;0.00518593;-2.03821e-19;0
5e+10;0.00518593;-8.91605e-19;-0.00259296
1e+11;0.00518593;9.08298e-20;-1.98018e-19
1.5e+11;0.00518593;2.39673e-19;-3.8958e-19
2e+11;0.00518593;2.67853e-19;-1.47036e-19
2.5e+11;0.00518593;2.68392e-19;7.67562e-21
-2.5e+11;0.00543216;2.61846e-19;-1.71067e-20
-2e+11;0.00543216;2.68803e-19;1.47913e-19
-1.5e+11;0.00543216;2.8237e-19;4.97752e-19
-1e+11;0.00543216;2.04329e-20;-1.33307e-19
-5e+10;0.00543216;-9.22452e-19;0.00271608
0;0.00543216;9.15686e-20;0
5e+10;0.00543216;-9.22452e-19;-0.00271608
1e+11;0.00543216;2.04329e-20;1.33307e-19
1.5e+11;0.00543216;2.8237e-19;-4.97752e-19
2e+11;0.00543216;2.68803e-19;-1.47913e-19
2.5e+11;0.00543216;2.61846e-19;1.71067e-20
-2.5e+11;0.00567839;2.45411e-19;-2.17894e-21
-2e+11;0.00567839;3.17645e-19;3.14711e-19
-1.5e+11;0.00567839;3.01044e-19;4.80908e-19
-1e+11;0.00567839;1.25132e-19;-6.91391e-20
-5e+10;0.00567839;-1.0004e-18;0.00283919
0;0.00567839;-5.70581e-20;0
5e+10;0.00567839;-1.0004e-18;-0.00283919
1e+11;0.00567839;1.25132e-19;6.91391e-20
1.5e+11;0.00567839;3.01044e-19;-4.80908e-19
2e+11;0.00567839;3.17645e-19;-3.14711e-19
2.5e+11;0.00567839;2.45411e-19;2.17894e-21
-2.5e+11;0.00592462;1.19225e-19;3.07059e-20
-2e+11;0.00592462;4.14609e-19;3.44102e-19
-1.5e+11;0.00592462;2.69869e-19;1.37407e-19
-1e+11;0.00592462;4.81951e-20;-1.80445e-20
-5e+10;0.00592462;-9.93776e-19;0.00296231
0;0.00592462;2.00207e-20;0
5e+10;0.00592462;-9.93776e-19;-0.00296231
1e+11;0.00592462;4.81951e-20;1.80445e-20
1.5e+11;0.00592462;2.69869e-19;-1.37407e-19
2e+11;0.00592462;4.14609e-19;-3.44102e-19
2.5e+11;0.00592462;1.19225e-19;-3.07059e-20
-2.5e+11;0.00617085;3.36012e-19;-9.65447e-21
-2e+11;0.00617085;1.94916e-19;-3.8066e-21
-1.5e+11;0.00617085;3.28228e-19;6.7343e-19
-1e+11;0.00617085;2.36898e-19;3.91461e-19
-5e+10;0.00617085;-1.06072e-18;0.00308543
0;0.00617085;1.14697e-19;0
5e+10;0.00617085;-1.06072e-18;-0.00308543
1e+11;0.00617085;2.36898e-19;-3.91461e-19
1.5e+11;0.00617085;3.28228e-19;-6.7343e-19
2e+11;0.00617085;1.94916e-19;3.8066e-21
2.5e+11;0.00617085;3.36012e-19;9.65447e-21
-2.5e+11;0.00641708;2.54713e-19;-5.87165e-22
-2e+11;0.00641708;3.95271e-19;1.57641e-19
-1.5e+11;0.00641708;2.17628e-19;3.55422e-19
-1e+11;0.00641708;4.58348e-20;7.87188e-20
-5e+10;0.00641708;-1.02637e-18;0.00320854
0;0.00641708;3.49144e-19;0
5e+10;0.00641708;-1.02637e-18;-0.00320854
1e+11;0.00641708;4.58348e-20;-7.87188e-20
1.5e+11;0.00641708;2.17628e-19;-3.55422e-19
2e+11;0.00641708;3.95271e-19;-1.57641e-19
2.5e+11;0.00641708;2.54713e-19;5.87165e-22
-2.5e+11;0.00666331;1.48991e-19;-9.65906e-20
-2e+11;0.00666331;3.66993e-19;1.57409e-19
-1.5e+11;0.00666331;2.9992e-19;2.88703e-19
-1e+11;0.00666331;9.74114e-20;-7.84934e-20
-5e+10;0.00666331;-1.00857e-18;0.00333166
0;0.00666331;8.52838e-20;0
5e+10;0.00666331;-1.00857e-18;-0.00333166
1e+11;0.00666331;9.74114e-20;7.84934e-20
1.5e+11;0.00666331;2.9992e-19;-2.88703e-19
2e+11;0.00666331;3.66993e-19;-1.57409e-19
2.5e+11;0.00666331;1.48991e-19;9.65906e-20
-2.5e+11;0.00690954;7.76231e-20;-1.576e-19
-2e+11;0.00690954;4.17505e-19;3.15552e-19
-1.5e+11;0.00690954;4.56048e-19;6.308e-19
-1e+11;0.00690954;1.31565e-19;-4.31257e-23
-5e+10;0.00690954;-1.14022e-18;0.00345477
0;0.00690954;2.67769e-19;0
5e+10;0.00690954;-1.14022e-18;-0.00345477
1e+11;0.00690954;1.31565e-19;4.31257e-23
1.5e+11;0.00690954;4.56048e-19;-6.308e-19
2e+11;0.00690954;4.17505e-19;-3.15552e-19
2.5e+11;0.00690954;7.76231e-20;1.576e-19
-2.5e+11;0.00715577;2.29052e-19;3.06046e-19
-2e+11;0.00715577;3.31986e-19;-3.30542e-21
-1.5e+11;0.00715577;2.49187e-19;4.77902e-19
-1e+11;0.00715577;1.61976e-19;3.17025e-19
-5e+10;0.00715577;-1.05747e-18;0.00357789
0;0.00715577;5.26722e-19;0
5e+10;0.00715577;-1.05747e-18;-0.00357789
1e+11;0.00715577;1.61976e-19;-3.17025e-19
1.5e+11;0.00715577;2.49187e-19;-4.77902e-19
2e+11;0.00715577;3.31986e-19;3.30542e-21
2.5e+11;0.00715577;2.29052e-19;-3.06046e-19
-2.5e+11;0.00740201;1.9736e-19;-7.90147e-20
-2e+11;0.00740201;5.63986e-19;3.15255e-19
-1.5e+11;0.00740201;4.01735e-19;4.7302e-19
-1e+11;0.00740201;-1.42103e-20;3.15308e-19
-5e+10;0.00740201;-1.25817e-18;0.003701
0;0.00740201;3.12571e-18;0
5e+10;0.00740201;-1.25817e-18;-0.003701
1e+11;0.00740201;-1.42103e-20;-3.15308e-19
1.5e+11;0.00740201;4.01735e-19;-4.7302e-19
2e+11;0.00740201;5.63986e-19;-3.15255e-19
2.5e+11;0.00740201;1.9736e-19;7.90147e-20
-2.5e+11;0.00764824;2.38924e-19;-2.36659e-19
-2e+11;0.00764824;4.37466e-19;3.15313e-19
-1.5e+11;0.00764824;2.98342e-19;4.7315e-19
-1e+11;0.00764824;2.61158e-19;2.36544e-19
-5e+10;0.00764824;-1.22023e-18;0.00382412
0;0.00764824;-3.87484e-18;0
5e+10;0.00764824;-1.22023e-18;-0.00382412
1e+11;0.00764824;2.61158e-19;-2.36544e-19
1.5e+11;0.00764824;2.98342e-19;-4.7315e-19
2e+11;0.00764824;4.37466e-19;-3.15313e-19
2.5e+11;0.00764824;2.38924e-19;2.36659e-19
-2.5e+11;0.00789447;2.99452e-19;2.36496e-19
-2e+11;0.00789447;4.83841e-19;1.57644e-19
-1.5e+11;0.00789447;4.12684e-19;7.88795e-19
-1e+11;0.00789447;1.45592e-19;1.44518e-22
-5e+10;0.00789447;-1.34541e-18;0.00394723
0;0.00789447;-1.44905e-18;0
5e+10;0.00789447;-1.34541e-18;-0.00394723
1e+11;0.00789447;1.45592e-19;-1.44518e-22
1.5e+11;0.00789447;4.12684e-19;-7.88795e-19
2e+11;0.00789447;4.83841e-19;-1.57644e-19
2.5e+11;0.00789447;2.99452e-19;-2.36496e-19
-2.5e+11;0.0081407;2.20043e-19;1.57664e-19
-2e+11;0.0081407;5.00341e-19;1.57664e-19
-1.5e+11;0.0081407;4.37978e-19;7.89427e-20
-1e+11;0.0081407;3.3529e-21;-2.36919e-19
-5e+10;0.0081407;-1.35224e-18;0.00407035
0;0.0081407;-1.70397e-18;0
5e+10;0.0081407;-1.35224e-18;-0.00407035
1e+11;0.0081407;3.3529e-21;2.36919e-19
1.5e+11;0.0081407;4.37978e-19;-7.89427e-20
2e+11;0.0081407;5.00341e-19;-1.57664e-19
2.5e+11;0.0081407;2.20043e-19;-1.57664e-19
-2.5e+11;0.00838693;1.52398e-19;-1.57702e-19
-2e+11;0.00838693;4.69871e-19;1.57509e-19
-1.5e+11;0.00838693;5.69644e-19;7.0991e-19
-1e+11;0.00838693;1.95542e-19;3.94871e-19
-5e+10;0.00838693;-1.39311e-18;0.00419347
0;0.00838693;5.8435e-18;0
5e+10;0.00838693;-1.39311e-18;-0.00419347
1e+11;0.00838693;1.95542e-19;-3.94871e-19
1.5e+11;0.00838693;5.69644e-19;-7.0991e-19
2e+11;0.00838693;4.69871e-19;-1.57509e-19
2.5e+11;0.00838693;1.52398e-19;1.57702e-19
-2.5e+11;0.00863316;3.56359e-19;-4.73588e-19
-2e+11;0.00863316;5.57002e-19;-3.15262e-19
-1.5e+11;0.00863316;3.47403e-19;7.89165e-19
-1e+11;0.00863316;-4.79815e-20;2.37169e-19
-5e+10;0.00863316;-1.42366e-18;0.00431658
0;0.00863316;1.58374e-17;0
5e+10;0.00863316;-1.42366e-18;-0.00431658
1e+11;0.00863316;-4.79815e-20;-2.37169e-19
1.5e+11;0.00863316;3.47403e-19;-7.89165e-19
2e+11;0.00863316;5.57002e-19;3.15262e-19
2.5e+11;0.00863316;3.56359e-19;4.73588e-19
-2.5e+11;0.00887939;3.25048e-19;-3.00797e-21
-2e+11;0.00887939;5.25833e-19;-2.0021e-21
-1.5e+11;0.00887939;1.39156e-19;3.19495e-19
-1e+11;0.00887939;1.62206e-19;3.23817e-19
-5e+10;0.00887939;-1.22116e-18;0.0044397
0;0.00887939;1.66184e-16;0
5e+10;0.00887939;-1.22116e-18;-0.0044397
1e+11;0.00887939;1.62206e-19;-3.23817e-19
1.5e+11;0.00887939;1.39156e-19;-3.19495e-19
2e+11;0.00887939;5.25833e-19;2.0021e-21
2.5e+11;0.00887939;3.25048e-19;3.00797e-21
-2.5e+11;0.00912562;4.20987e-19;1.63527e-22
-2e+11;0.00912562;4.75851e-19;3.15626e-19
-1.5e+11;0.00912562;2.47251e-19;7.88434e-19
-1e+11;0.00912562;2.89257e-19;-7.88125e-20
-5e+10;0.00912562;-1.39534e-18;0.00456281
0;0.00912562;2.18789e-16;0
5e+10;0.00912562;-1.39534e-18;-0.00456281
1e+11;0.00912562;2.89257e-19;7.88125e-20
1.5e+11;0.00912562;2.47251e-19;-7.88434e-19
2e+11;0.00912562;4.75851e-19;-3.15626e-19
2.5e+11;0.00912562;4.20987e-19;-1.63527e-22
-2.5e+11;0.00937185;2.13018e-19;-1.63566e-21
-2e+11;0.00937185;7.80135e-19;3.14653e-19
-1.5e+11;0.00937185;3.18772e-19;4.74666e-19
-1e+11;0.00937185;-1.56145e-19;-7.55988e-20
-5e+10;0.00937185;-1.43234e-18;0.00468593
0;0.00937185;-2.27981e-17;0
5e+10;0.00937185;-1.43234e-18;-0.00468593
1e+11;0.00937185;-1.56145e-19;7.55988e-20
1.5e+11;0.00937185;3.18772e-19;-4.74666e-19
2e+11;0.00937185;7.80135e-19;-3.14653e-19
2.5e+11;0.00937185;2.13018e-19;1.63566e-21
-2.5e+11;0.00961809;3.32088e-19;3.71107e-21
-2e+11;0.00961809;4.63875e-19;2.21241e-21
-1.5e+11;0.00961809;4.53729e-19;4.63659e-19
-1e+11;0.00961809;2.20657e-19;2.95728e-19
-5e+10;0.00961809;-1.46857e-18;0.00480904
0;0.00961809;-8.72528e-17;0
5e+10;0.00961809;-1.46857e-18;-0.00480904
1e+11;0.00961809;2.20657e-19;-2.95728e-19
1.5e+11;0.00961809;4.53729e-19;-4.63659e-19
2e+11;0.00961809;4.63875e-19;-2.21241e-21
2.5e+11;0.00961809;3.32088e-19;-3.71107e-21
-2.5e+11;0.00986432;2.6071e-19;-3.00322e-19
-2e+11;0.00986432;4.86711e-19;3.3837e-19
-1.5e+11;0.00986432;5.93886e-19;6.26785e-19
-1e+11;0.00986432;2.11103e-19;6.68733e-19
-5e+10;0.00986432;-1.60076e-18;0.00493216
0;0.00986432;4.4824e-16;0
5e+10;0.00986432;-1.60076e-18;-0.00493216
1e+11;0.00986432;2.11103e-19;-6.68733e-19
1.5e+11;0.00986432;5.93886e-19;-6.26785e-19
2e+11;0.00986432;4.86711e-19;-3.3837e-19
2.5e+11;0.00986432;2.6071e-19;3.00322e-19
-2.5e+11;0.0101105;3.06248e-19;3.01178e-19
-2e+11;0.0101105;6.79289e-19;2.95608e-19
-1.5e+11;0.0101105;4.80504e-19;-7.01608e-20
-1e+11;0.0101105;1.18042e-19;-1.96082e-19
-5e+10;0.0101105;-1.59391e-18;0.00505527
0;0.0101105;1.9007e-15;0
5e+10;0.0101105;-1.59391e-18;-0.00505527
1e+11;0.0101105;1.18042e-19;1.96082e-19
1.5e+11;0.0101105;4.80504e-19;7.01608e-20
2e+11;0.0101105;6.79289e-19;-2.95608e-19
2.5e+11;0.0101105;3.06248e-19;-3.01178e-19
-2.5e+11;0.0103568;4.55896e-19;-3.33046e-19
-2e+11;0.0103568;4.04848e-19;-1.55866e-20
-1.5e+11;0.0103568;4.46636e-19;8.11507e-19
-1e+11;0.0103568;6.92682e-20;-1.03529e-19
-5e+10;0.0103568;-1.68468e-18;0.00517839
0;0.0103568;3.95874e-15;0
5e+10;0.0103568;-1.68468e-18;-0.00517839
1e+11;0.0103568;6.92682e-20;1.03529e-19
1.5e+11;0.0103568;4.46636e-19;-8.11507e-19
2e+11;0.0103568;4.04848e-19;1.55866e-20
2.5e+11;0.0103568;4.55896e-19;3.33046e-19
-2.5e+11;0.010603;3.6716e-19;1.55302e-19
-2e+11;0.010603;7.14159e-19;-6.44044e-22
-1.5e+11;0.010603;4.49084e-19;9.49957e-19
-1e+11;0.010603;-1.62881e-19;4.01279e-19
-5e+10;0.010603;-1.61621e-18;0.0053015
0;0.010603;2.00795e-14;0
5e+10;0.010603;-1.61621e-18;-0.0053015
1e+11;0.010603;-1.62881e-19;-4.01279e-19
1.5e+11;0.010603;4.49084e-19;-9.49957e-19
2e+11;0.010603;7.14159e-19;6.44044e-22
2.5e+11;0.010603;3.6716e-19;-1.55302e-19
-2.5e+11;0.0108492;4.86856e-19;2.86411e-19
-2e+11;0.0108492;6.90031e-19;-3.69102e-21
-1.5e+11;0.0108492;3.19435e-19;5.73715e-19
-1e+11;0.0108492;-2.79747e-20;4.25994e-19
-5e+10;0.0108492;-1.63023e-18;0.00542462
0;0.0108492;6.58627e-14;0
5e+10;0.0108492;-1.63023e-18;-0.00542462
1e+11;0.0108492;-2.79747e-20;-4.25994e-19
1.5e+11;0.0108492;3.19435e-19;-5.73715e-19
2e+11;0.0108492;6.90031e-19;3.69102e-21
2.5e+11;0.0108492;4.86856e-19;-2.86411e-19
-2.5e+11;0.0110955;3.31089e-19;-3.16409e-19
-2e+11;0.0110955;6.43116e-19;3.13944e-19
-1.5e+11;0.0110955;4.948e-19;7.11229e-19
-1e+11;0.0110955;1.65295e-19;7.88143e-19
-5e+10;0.0110955;-1.73688e-18;0.00554774
0;0.0110955;4.32921e-13;0
5e+10;0.0110955;-1.73688e-18;-0.00554774
1e+11;0.0110955;1.65295e-19;-7.88143e-19
1.5e+11;0.0110955;4.948e-19;-7.11229e-19
2e+11;0.0110955;6.43116e-19;-3.13944e-19
2.5e+11;0.0110955;3.31089e-19;3.16409e-19
-2.5e+11;0.0113417;3.97329e-19;-6.29149e-19
-2e+11;0.0113417;6.21319e-19;6.31255e-19
-1.5e+11;0.0113417;3.01144e-19;8.66593e-19
-1e+11;0.0113417;1.8075e-19;1.57159e-19
-5e+10;0.0113417;-1.66167e-18;0.00567085
0;0.0113417;1.72202e-11;0
5e+10;0.0113417;-1.66167e-18;-0.00567085
1e+11;0.0113417;1.8075e-19;-1.57159e-19
1.5e+11;0.0113417;3.01144e-19;-8.66593e-19
2e+11;0.0113417;6.21319e-19;-6.31255e-19
2.5e+11;0.0113417;3.97329e-19;6.29149e-19
-2.5e+11;0.0115879;1.90514e-19;7.61923e-20
-2e+11;0.0115879;6.45115e-19;3.05722e-19
-1.5e+11;0.0115879;7.88296e-19;9.53638e-19
-1e+11;0.0115879;2.45822e-19;8.31548e-19
-5e+10;0.0115879;-1.95848e-18;0.00579397
0;0.0115879;1.29039e-11;0
5e+10;0.0115879;-1.95848e-18;-0.00579397
1e+11;0.0115879;2.45822e-19;-8.31548e-19
1.5e+11;0.0115879;7.88296e-19;-9.53638e-19
2e+11;0.0115879;6.45115e-19;-3.05722e-19
2.5e+11;0.0115879;1.90514e-19;-7.61923e-20
-2.5e+11;0.0118342;4.1331e-19;-1.18322e-19
-2e+11;0.0118342;8.00969e-19;2.63906e-20
-1.5e+11;0.0118342;3.39413e-19;5.41133e-19
-1e+11;0.0118342;9.95705e-20;6.01118e-19
-5e+10;0.0118342;-1.74875e-18;0.00591708
0;0.0118342;9.63445e-12;0
5e+10;0.0118342;-1.74875e-18;-0.00591708
1e+11;0.0118342;9.95705e-20;-6.01118e-19
1.5e+11;0.0118342;3.39413e-19;-5.41133e-19
2e+11;0.0118342;8.00969e-19;-2.63906e-20
2.5e+11;0.0118342;4.1331e-19;1.18322e-19
-2.5e+11;0.0120804;3.69352e-19;5.47238e-19
-2e+11;0.0120804;8.3479e-19;7.60784e-19
-1.5e+11;0.0120804;6.29559e-19;9.35741e-19
-1e+11;0.0120804;1.45824e-19;6.16549e-20
-5e+10;0.0120804;-1.96927e-18;0.0060402
0;0.0120804;-1.46286e-11;0
5e+10;0.0120804;-1.96927e-18;-0.0060402
1e+11;0.0120804;1.45824e-19;-6.16549e-20
1.5e+11;0.0120804;6.29559e-19;-9.35741e-19
2e+11;0.0120804;8.3479e-19;-7.60784e-19
2.5e+11;0.0120804;3.69352e-19;-5.47238e-19
-2.5e+11;0.0123266;2.79443e-19;-2.41455e-19
-2e+11;0.0123266;7.04813e-19;3.7964e-19
-1.5e+11;0.0123266;5.29417e-19;5.161e-19
-1e+11;0.0123266;5.12309e-19;4.6003e-19
-5e+10;0.0123266;-1.8885e-18;0.00616331
0;0.0123266;-3.71971e-12;0
5e+10;0.0123266;-1.8885e-18;-0.00616331
1e+11;0.0123266;5.12309e-19;-4.6003e-19
1.5e+11;0.0123266;5.29417e-19;-5.161e-19
2e+11;0.0123266;7.04813e-19;-3.7964e-19
2.5e+11;0.0123266;2.79443e-19;2.41455e-19
-2.5e+11;0.0125729;4.8956e-19;-1.0764e-20
-2e+11;0.0125729;4.73435e-19;2.77381e-19
-1.5e+11;0.0125729;6.38409e-19;6.82231e-19
-1e+11;0.0125729;2.65367e-19;3.68496e-19
-5e+10;0.0125729;-2.07436e-18;0.00628643
0;0.0125729;-8.01468e-13;0
5e+10;0.0125729;-2.07436e-18;-0.00628643
1e+11;0.0125729;2.65367e-19;-3.68496e-19
1.5e+11;0.0125729;6.38409e-19;-6.82231e-19
2e+11;0.0125729;4.73435e-19;-2.77381e-19
2.5e+11;0.0125729;4.8956e-19;1.0764e-20
-2.5e+11;0.0128191;6.38582e-19;1.39543e-19
-2e+11;0.0128191;4.61274e-19;5.67562e-19
-1.5e+11;0.0128191;6.84595e-19;9.77042e-19
-1e+11;0.0128191;-9.71132e-20;1.44634e-20
-5e+10;0.0128191;-2.04426e-18;0.00640954
0;0.0128191;-4.44815e-12;0
5e+10;0.0128191;-2.04426e-18;-0.00640954
1e+11;0.0128191;-9.71132e-20;-1.44634e-20
1.5e+11;0.0128191;6.84595e-19;-9.77042e-19
2e+11;0.0128191;4.61274e-19;-5.67562e-19
2.5e+11;0.0128191;6.38582e-19;-1.39543e-19
-2.5e+11;0.0130653;5.58638e-19;-3.19428e-19
-2e+11;0.0130653;9.17998e-19;-2.29789e-20
-1.5e+11;0.0130653;6.01218e-19;2.89587e-19
-1e+11;0.0130653;4.23149e-20;-1.98641e-19
-5e+10;0.0130653;-2.18494e-18;0.00653266
0;0.0130653;-2.00006e-11;0
5e+10;0.0130653;-2.18494e-18;-0.00653266
1e+11;0.0130653;4.23149e-20;1.98641e-19
1.5e+11;0.0130653;6.01218e-19;-2.89587e-19
2e+11;0.0130653;9.17998e-19;2.29789e-20
2.5e+11;0.0130653;5.58638e-19;3.19428e-19
-2.5e+11;0.0133116;5.88352e-19;5.92807e-19
-2e+11;0.0133116;5.58163e-19;4.27656e-19
-1.5e+11;0.0133116;7.08335e-19;6.54909e-19
-1e+11;0.0133116;3.4245e-19;7.00239e-19
-5e+10;0.0133116;-2.20692e-18;0.00665578
0;0.0133116;9.92577e-12;0
5e+10;0.0133116;-2.20692e-18;-0.00665578
1e+11;0.0133116;3.4245e-19;-7.00239e-19
1.5e+11;0.0133116;7.08335e-19;-6.54909e-19
2e+11;0.0133116;5.58163e-19;-4.27656e-19
2.5e+11;0.0133116;5.88352e-19;-5.92807e-19
-2.5e+11;0.0135578;4.02569e-19;6.60068e-19
-2e+11;0.0135578;1.08096e-18;7.42105e-19
-1.5e+11;0.0135578;6.08923e-19;4.13846e-19
-1e+11;0.0135578;2.76514e-20;2.74704e-19
-5e+10;0.0135578;-2.16182e-18;0.00677889
0;0.0135578;1.95196e-11;0
5e+10;0.0135578;-2.16182e-18;-0.00677889
1e+11;0.0135578;2.76514e-20;-2.74704e-19
1.5e+11;0.0135578;6.08923e-19;-4.13846e-19
2e+11;0.0135578;1.08096e-18;-7.42105e-19
2.5e+11;0.0135578;4.02569e-19;-6.60068e-19
-2.5e+11;0.013804;4.79336e-19;-4.71109e-19
-2e+11;0.013804;5.14986e-19;3.22727e-19
-1.5e+11;0.013804;6.51032e-19;6.3731e-19
-1e+11;0.013804;4.33941e-19;-1.68009e-19
-5e+10;0.013804;-2.15086e-18;0.00690201
0;0.013804;-1.02668e-12;0
5e+10;0.013804;-2.15086e-18;-0.00690201
1e+11;0.013804;4.33941e-19;1.68009e-19
1.5e+11;0.013804;6.51032e-19;-6.3731e-19
2e+11;0.013804;5.14986e-19;-3.22727e-19
2.5e+11;0.013804;4.79336e-19;4.71109e-19
-2.5e+11;0.0140502;6.99537e-19;-3.57695e-19
-2e+11;0.0140502;7.47824e-19;5.13333e-20
-1.5e+11;0.0140502;6.09079e-19;6.21012e-19
-1e+11;0.0140502;1.0895e-19;5.95835e-19
-5e+10;0.0140502;-2.33304e-18;0.00702512
0;0.0140502;1.66253e-15;0
5e+10;0.0140502;-2.33304e-18;-0.00702512
1e+11;0.0140502;1.0895e-19;-5.95835e-19
1.5e+11;0.0140502;6.09079e-19;-6.21012e-19
2e+11;0.0140502;7.47824e-19;-5.13333e-20
2.5e+11;0.0140502;6.99537e-19;3.57695e-19
-2.5e+11;0.0142965;5.8594e-19;-3.13062e-19
-2e+11;0.0142965;7.82379e-19;2.98206e-19
-1.5e+11;0.0142965;5.79785e-19;1.0643e-18
-1e+11;0.0142965;1.43361e-19;7.81458e-19
-5e+10;0.0142965;-2.24714e-18;0.00714824
0;0.0142965;-4.08921e-14;0
5e+10;0.0142965;-2.24714e-18;-0.00714824
1e+11;0.0142965;1.43361e-19;-7.81458e-19
1.5e+11;0.0142965;5.79785e-19;-1.0643e-18
2e+11;0.0142965;7.82379e-19;-2.98206e-19
2.5e+11;0.0142965;5.8594e-19;3.13062e-19
-2.5e+11;0.0145427;2.9842e-19;-3.0013e-19
-2e+11;0.0145427;1.14932e-18;2.63929e-20
-1.5e+11;0.0145427;8.43182e-19;8.07705e-19
-1e+11;0.0145427;3.02743e-19;3.26469e-19
-5e+10;0.0145427;-2.59658e-18;0.00727135
0;0.0145427;-1.38493e-12;0
5e+10;0.0145427;-2.59658e-18;-0.00727135
1e+11;0.0145427;3.02743e-19;-3.26469e-19
1.5e+11;0.0145427;8.43182e-19;-8.07705e-19
2e+11;0.0145427;1.14932e-18;-2.63929e-20
2.5e+11;0.0145427;2.9842e-19;3.0013e-19
-2.5e+11;0.0147889;4.16089e-19;3.13067e-19
-2e+11;0.0147889;7.16452e-19;4.70262e-19
-1.5e+11;0.0147889;8.42262e-19;3.89269e-19
-1e+11;0.0147889;3.07139e-19;6.40355e-19
-5e+10;0.0147889;-2.48172e-18;0.00739447
0;0.0147889;6.11233e-14;0
5e+10;0.0147889;-2.48172e-18;-0.00739447
1e+11;0.0147889;3.07139e-19;-6.40355e-19
1.5e+11;0.0147889;8.42262e-19;-3.89269e-19
2e+11;0.0147889;7.16452e-19;-4.70262e-19
2.5e+11;0.0147889;4.16089e-19;-3.13067e-19
-2.5e+11;0.0150352;5.04198e-19;-3.89564e-19
-2e+11;0.0150352;9.22553e-19;1.23574e-19
-1.5e+11;0.0150352;6.20932e-19;7.98241e-19
-1e+11;0.0150352;4.81156e-19;-3.6408e-19
-5e+10;0.0150352;-2.48685e-18;0.00751758
0;0.0150352;-6.13484e-14;0
5e+10;0.0150352;-2.48685e-18;-0.00751758
1e+11;0.0150352;4.81156e-19;3.6408e-19
1.5e+11;0.0150352;6.20932e-19;-7.98241e-19
2e+11;0.0150352;9.22553e-19;-1.23574e-19
2.5e+11;0.0150352;5.04198e-19;3.89564e-19
-2.5e+11;0.0152814;2.74593e-19;4.42427e-19
-2e+11;0.0152814;6.69722e-19;7.50786e-19
-1.5e+11;0.0152814;7.5485e-19;1.16382e-18
-1e+11;0.0152814;3.67079e-19;2.66394e-19
-5e+10;0.0152814;-2.40255e-18;0.0076407
0;0.0152814;-3.96596e-14;0
5e+10;0.0152814;-2.40255e-18;-0.0076407
1e+11;0.0152814;3.67079e-19;-2.66394e-19
1.5e+11;0.0152814;7.5485e-19;-1.16382e-18
2e+11;0.0152814;6.69722e-19;-7.50786e-19
2.5e+11;0.0152814;2.74593e-19;-4.42427e-19
-2.5e+11;0.0155276;1.05782e-18;-3.00922e-19
-2e+11;0.0155276;2.4424e-19;-3.79459e-19
-1.5e+11;0.0155276;8.68749e-19;1.04729e-18
-1e+11;0.0155276;3.70686e-19;7.78541e-19
-5e+10;0.0155276;-2.71023e-18;0.00776381
0;0.0155276;-2.88388e-13;0
5e+10;0.0155276;-2.71023e-18;-0.00776381
1e+11;0.0155276;3.70686e-19;-7.78541e-19
1.5e+11;0.0155276;8.68749e-19;-1.04729e-18
2e+11;0.0155276;2.4424e-19;3.79459e-19
2.5e+11;0.0155276;1.05782e-18;3.00922e-19
-2.5e+11;0.0157739;6.97023e-19;-4.93908e-19
-2e+11;0.0157739;5.42039e-19;5.98341e-20
-1.5e+11;0.0157739;7.03673e-19;8.25058e-19
-1e+11;0.0157739;2.72317e-19;2.70574e-19
-5e+10;0.0157739;-2.52706e-18;0.00788693
0;0.0157739;-8.7208e-15;0
5e+10;0.0157739;-2.52706e-18;-0.00788693
1e+11;0.0157739;2.72317e-19;-2.70574e-19
1.5e+11;0.0157739;7.03673e-19;-8.25058e-19
2e+11;0.0157739;5.42039e-19;-5.98341e-20
2.5e+11;0.0157739;6.97023e-19;4.93908e-19
-2.5e+11;0.0160201;9.47459e-19;4.99956e-20
-2e+11;0.0160201;4.55489e-19;2.8946e-19
-1.5e+11;0.0160201;6.8721e-19;8.94314e-19
-1e+11;0.0160201;3.94592e-19;2.37064e-19
-5e+10;0.0160201;-2.6895e-18;0.00801005
0;0.0160201;8.13848e-14;0
5e+10;0.0160201;-2.6895e-18;-0.00801005
1e+11;0.0160201;3.94592e-19;-2.37064e-19
1.5e+11;0.0160201;6.8721e-19;-8.94314e-19
2e+11;0.0160201;4.55489e-19;-2.8946e-19
2.5e+11;0.0160201;9.47459e-19;-4.99956e-20
-2.5e+11;0.0162663;5.34228e-19;7.40548e-19
-2e+11;0.0162663;9.62736e-19;8.22838e-19
-1.5e+11;0.0162663;8.27668e-19;-7.25314e-20
-1e+11;0.0162663;-7.47059e-20;1.13711e-18
-5e+10;0.0162663;-2.6334e-18;0.00813316
0;0.0162663;3.00655e-13;0
5e+10;0.0162663;-2.6334e-18;-0.00813316
1e+11;0.0162663;-7.47059e-20;-1.13711e-18
1.5e+11;0.0162663;8.27668e-19;7.25314e-20
2e+11;0.0162663;9.62736e-19;-8.22838e-19
2.5e+11;0.0162663;5.34228e-19;-7.40548e-19
-2.5e+11;0.0165126;1.18743e-18;-1.01866e-18
-2e+11;0.0165126;6.70909e-19;1.22405e-19
-1.5e+11;0.0165126;6.04443e-19;2.1996e-18
-1e+11;0.0165126;4.07395e-19;1.99278e-19
-5e+10;0.0165126;-2.94283e-18;0.00825628
0;0.0165126;1.20704e-12;0
5e+10;0.0165126;-2.94283e-18;-0.00825628
1e+11;0.0165126;4.07395e-19;-1.99278e-19
1.5e+11;0.0165126;6.04443e-19;-2.1996e-18
2e+11;0.0165126;6.70909e-19;-1.22405e-19
2.5e+11;0.0165126;1.18743e-18;1.01866e-18
-2.5e+11;0.0167588;9.00443e-19;5.49409e-19
-2e+11;0.0167588;6.76661e-19;1.31507e-18
-1.5e+11;0.0167588;2.42301e-19;7.96516e-19
-1e+11;0.0167588;2.86555e-19;-1.88924e-19
-5e+10;0.0167588;-2.31014e-18;0.00837939
0;0.0167588;-4.00325e-13;0
5e+10;0.0167588;-2.31014e-18;-0.00837939
1e+11;0.0167588;2.86555e-19;1.88924e-19
1.5e+11;0.0167588;2.42301e-19;-7.96516e-19
2e+11;0.0167588;6.76661e-19;-1.31507e-18
2.5e+11;0.0167588;9.00443e-19;-5.49409e-19
-2.5e+11;0.017005;7.36415e-19;-2.72527e-19
-2e+11;0.017005;1.16872e-18;5.48402e-19
-1.5e+11;0.017005;8.29051e-19;1.48983e-18
-1e+11;0.017005;4.17741e-21;9.5531e-19
-5e+10;0.017005;-2.99615e-18;0.00850251
0;0.017005;1.41208e-13;0
5e+10;0.017005;-2.99615e-18;-0.00850251
1e+11;0.017005;4.17741e-21;-9.5531e-19
1.5e+11;0.017005;8.29051e-19;-1.48983e-18
2e+11;0.017005;1.16872e-18;-5.48402e-19
2.5e+11;0.017005;7.36415e-19;2.72527e-19
-2.5e+11;0.0172512;-3.08914e-19;-2.38868e-19
-2e+11;0.0172512;1.65134e-18;-1.03229e-18
-1.5e+11;0.0172512;9.47647e-19;9.53761e-19
-1e+11;0.0172512;-1.55846e-20;7.71208e-19
-5e+10;0.0172512;-2.45637e-18;0.00862562
0;0.0172512;-9.23923e-12;0
5e+10;0.0172512;-2.45637e-18;-0.00862562
1e+11;0.0172512;-1.55846e-20;-7.71208e-19
1.5e+11;0.0172512;9.47647e-19;-9.53761e-19
2e+11;0.0172512;1.65134e-18;1.03229e-18
2.5e+11;0.0172512;-3.08914e-19;2.38868e-19
-2.5e+11;0.0174975;5.54198e-19;-8.47541e-21
-2e+11;0.0174975;8.62548e-19;4.75482e-19
-1.5e+11;0.0174975;7.34157e-19;5.7483e-19
-1e+11;0.0174975;6.45438e-19;-6.03061e-19
-5e+10;0.0174975;-2.73555e-18;0.00874874
0;0.0174975;-2.13083e-12;0
5e+10;0.0174975;-2.73555e-18;-0.00874874
1e+11;0.0174975;6.45438e-19;6.03061e-19
1.5e+11;0.0174975;7.34157e-19;-5.7483e-19
2e+11;0.0174975;8.62548e-19;-4.75482e-19
2.5e+11;0.0174975;5.54198e-19;8.47541e-21
-2.5e+11;0.0177437;3.78583e-19;-5.23141e-20
-2e+11;0.0177437;9.68848e-19;1.97211e-19
-1.5e+11;0.0177437;7.17055e-19;1.57224e-18
-1e+11;0.0177437;8.93012e-19;-3.9222e-19
-5e+10;0.0177437;-2.6935e-18;0.00887185
0;0.0177437;-2.26445e-11;0
5e+10;0.0177437;-2.6935e-18;-0.00887185
1e+11;0.0177437;8.93012e-19;3.9222e-19
1.5e+11;0.0177437;7.17055e-19;-1.57224e-18
2e+11;0.0177437;9.68848e-19;-1.97211e-19
2.5e+11;0.0177437;3.78583e-19;5.23141e-20
-2.5e+11;0.0179899;3.4676e-19;2.80298e-21
-2e+11;0.0179899;9.05057e-19;4.07111e-19
-1.5e+11;0.0179899;9.23248e-19;9.15765e-19
-1e+11;0.0179899;7.32171e-19;-1.57326e-20
-5e+10;0.0179899;-2.94763e-18;0.00899497
0;0.0179899;-5.3074e-14;0
5e+10;0.0179899;-2.94763e-18;-0.00899497
1e+11;0.0179899;7.32171e-19;1.57326e-20
1.5e+11;0.0179899;9.23248e-19;-9.15765e-19
2e+11;0.0179899;9.05057e-19;-4.07111e-19
2.5e+11;0.0179899;3.4676e-19;-2.80298e-21
-2.5e+11;0.0182362;1.13446e-18;-5.01329e-19
-2e+11;0.0182362;9.31012e-19;-2.98931e-19
-1.5e+11;0.0182362;1.79591e-20;1.89383e-18
-1e+11;0.0182362;1.37058e-19;8.08044e-19
-5e+10;0.0182362;-2.54751e-18;0.00911808
0;0.0182362;-9.18122e-15;0
5e+10;0.0182362;-2.54751e-18;-0.00911808
1e+11;0.0182362;1.37058e-19;-8.08044e-19
1.5e+11;0.0182362;1.79591e-20;-1.89383e-18
2e+11;0.0182362;9.31012e-19;2.98931e-19
2.5e+11;0.0182362;1.13446e-18;5.01329e-19
-2.5e+11;0.0184824;9.9255e-19;5.89823e-19
-2e+11;0.0184824;1.36191e-18;8.83867e-19
-1.5e+11;0.0184824;5.6744e-19;8.33214e-19
-1e+11;0.0184824;-5.82863e-19;-3.2981e-19
-5e+10;0.0184824;-2.88176e-18;0.0092412
0;0.0184824;-1.5083e-11;0
5e+10;0.0184824;-2.88176e-18;-0.0092412
1e+11;0.0184824;-5.82863e-19;3.2981e-19
1.5e+11;0.0184824;5.6744e-19;-8.33214e-19
2e+11;0.0184824;1.36191e-18;-8.83867e-19
2.5e+11;0.0184824;9.9255e-19;-5.89823e-19
-2.5e+11;0.0187286;9.5999e-19;-1.26552e-19
-2e+11;0.0187286;8.17133e-19;5.60399e-19
-1.5e+11;0.0187286;6.55861e-19;6.42455e-19
-1e+11;0.0187286;6.34534e-19;1.06838e-18
-5e+10;0.0187286;-3.03247e-18;0.00936432
0;0.0187286;-1.08204e-11;0
5e+10;0.0187286;-3.03247e-18;-0.00936432
1e+11;0.0187286;6.34534e-19;-1.06838e-18
1.5e+11;0.0187286;6.55861e-19;-6.42455e-19
2e+11;0.0187286;8.17133e-19;-5.60399e-19
2.5e+11;0.0187286;9.5999e-19;1.26552e-19
-2.5e+11;0.0189749;6.34487e-19;-5.26962e-19
-2e+11;0.0189749;1.14825e-18;1.18175e-18
-1.5e+11;0.0189749;9.55809e-19;2.10758e-18
-1e+11;0.0189749;1.51304e-19;-1.82144e-19
-5e+10;0.0189749;-3.09446e-18;0.00948743
0;0.0189749;1.30308e-11;0
5e+10;0.0189749;-3.09446e-18;-0.00948743
1e+11;0.0189749;1.51304e-19;1.82144e-19
1.5e+11;0.0189749;9.55809e-19;-2.10758e-18
2e+11;0.0189749;1.14825e-18;-1.18175e-18
2.5e+11;0.0189749;6.34487e-19;5.26962e-19
-2.5e+11;0.0192211;5.65322e-19;5.92841e-19
-2e+11;0.0192211;8.1617e-19;9.16769e-19
-1.5e+11;0.0192211;9.0819e-19;1.50865e-18
-1e+11;0.0192211;9.09886e-19;4.38564e-19
-5e+10;0.0192211;-3.18033e-18;0.00961055
0;0.0192211;-1.1726e-11;0
5e+10;0.0192211;-3.18033e-18;-0.00961055
1e+11;0.0192211;9.09886e-19;-4.38564e-19
1.5e+11;0.0192211;9.0819e-19;-1.50865e-18
2e+11;0.0192211;8.1617e-19;-9.16769e-19
2.5e+11;0.0192211;5.65322e-19;-5.92841e-19
-2.5e+11;0.0194673;1.12011e-18;-3.18266e-19
-2e+11;0.0194673;9.11099e-19;7.867e-19
-1.5e+11;0.0194673;6.71289e-19;1.26805e-18
-1e+11;0.0194673;1.11477e-19;9.75892e-19
-5e+10;0.0194673;-3.13165e-18;0.00973366
0;0.0194673;1.15557e-11;0
5e+10;0.0194673;-3.13165e-18;-0.00973366
1e+11;0.0194673;1.11477e-19;-9.75892e-19
1.5e+11;0.0194673;6.71289e-19;-1.26805e-18
2e+11;0.0194673;9.11099e-19;-7.867e-19
2.5e+11;0.0194673;1.12011e-18;3.18266e-19
-2.5e+11;0.0197136;4.39701e-19;-1.26633e-19
-2e+11;0.0197136;1.10096e-18;1.22745e-18
-1.5e+11;0.0197136;1.20803e-18;2.05853e-18
-1e+11;0.0197136;5.39033e-20;-2.90674e-19
-5e+10;0.0197136;-3.06642e-18;0.00985678
0;0.0197136;-5.41122e-11;0
5e+10;0.0197136;-3.06642e-18;-0.00985678
1e+11;0.0197136;5.39033e-20;2.90674e-19
1.5e+11;0.0197136;1.20803e-18;-2.05853e-18
2e+11;0.0197136;1.10096e-18;-1.22745e-18
2.5e+11;0.0197136;4.39701e-19;1.26633e-19
-2.5e+11;0.0199598;3.45215e-19;-5.1563e-19
-2e+11;0.0199598;1.09301e-18;-7.31314e-19
-1.5e+11;0.0199598;8.37423e-19;1.74022e-18
-1e+11;0.0199598;2.83338e-19;1.49955e-18
-5e+10;0.0199598;-2.76336e-18;0.00997989
0;0.0199598;6.92608e-11;0
5e+10;0.0199598;-2.76336e-18;-0.00997989
1e+11;0.0199598;2.83338e-19;-1.49955e-18
1.5e+11;0.0199598;8.37423e-19;-1.74022e-18
2e+11;0.0199598;1.09301e-18;7.31314e-19
2.5e+11;0.0199598;3.45215e-19;5.1563e-19
-2.5e+11;0.020206;8.14348e-19;-9.33348e-19
-2e+11;0.020206;8.90551e-19;-5.11593e-19
-1.5e+11;0.020206;6.96936e-19;2.45037e-18
-1e+11;0.020206;4.68316e-19;1.41946e-18
-5e+10;0.020206;-3.24103e-18;0.010103
0;0.020206;2.8908e-11;0
5e+10;0.020206;-3.24103e-18;-0.010103
1e+11;0.020206;4.68316e-19;-1.41946e-18
1.5e+11;0.020206;6.96936e-19;-2.45037e-18
2e+11;0.020206;8.90551e-19;5.11593e-19
2.5e+11;0.020206;8.14348e-19;9.33348e-19
-2.5e+11;0.0204522;4.52856e-19;4.01951e-19
-2e+11;0.0204522;1.73964e-18;-9.40581e-20
-1.5e+11;0.0204522;8.78613e-19;1.34857e-18
-1e+11;0.0204522;-1.24795e-19;1.67432e-18
-5e+10;0.0204522;-3.37294e-18;0.0102261
0;0.0204522;-3.26652e-12;0
5e+10;0.0204522;-3.37294e-18;-0.0102261
1e+11;0.0204522;-1.24795e-19;-1.67432e-18
1.5e+11;0.0204522;8.78613e-19;-1.34857e-18
2e+11;0.0204522;1.73964e-18;9.40581e-20
2.5e+11;0.0204522;4.52856e-19;-4.01951e-19
-2.5e+11;0.0206985;9.20361e-19;7.36353e-19
-2e+11;0.0206985;1.30554e-18;1.13865e-18
-1.5e+11;0.0206985;4.64554e-19;6.58696e-19
-1e+11;0.0206985;3.26186e-19;-3.59259e-20
-5e+10;0.0206985;-3.07757e-18;0.0103492
0;0.0206985;8.05892e-14;0
5e+10;0.0206985;-3.07757e-18;-0.0103492
1e+11;0.0206985;3.26186e-19;3.59259e-20
1.5e+11;0.0206985;4.64554e-19;-6.58696e-19
2e+11;0.0206985;1.30554e-18;-1.13865e-18
2.5e+11;0.0206985;9.20361e-19;-7.36353e-19
-2.5e+11;0.0209447;4.80031e-19;6.77143e-19
-2e+11;0.0209447;1.54495e-18;5.06184e-19
-1.5e+11;0.0209447;7.54417e-19;1.82747e-18
-1e+11;0.0209447;1.69121e-19;3.99401e-19
-5e+10;0.0209447;-3.11151e-18;0.0104724
0;0.0209447;-2.22112e-12;0
5e+10;0.0209447;-3.11151e-18;-0.0104724
1e+11;0.0209447;1.69121e-19;-3.99401e-19
1.5e+11;0.0209447;7.54417e-19;-1.82747e-18
2e+11;0.0209447;1.54495e-18;-5.06184e-19
2.5e+11;0.0209447;4.80031e-19;-6.77143e-19
-2.5e+11;0.0211909;1.04206e-18;7.71521e-19
-2e+11;0.0211909;1.14786e-18;2.09336e-18
-1.5e+11;0.0211909;7.00682e-19;4.10417e-19
-1e+11;0.0211909;1.86962e-20;-7.86098e-19
-5e+10;0.0211909;-3.23259e-18;0.0105955
0;0.0211909;3.21439e-11;0
5e+10;0.0211909;-3.23259e-18;-0.0105955
1e+11;0.0211909;1.86962e-20;7.86098e-19
1.5e+11;0.0211909;7.00682e-19;-4.10417e-19
2e+11;0.0211909;1.14786e-18;-2.09336e-18
2.5e+11;0.0211909;1.04206e-18;-7.71521e-19
-2.5e+11;0.0214372;7.89639e-19;-8.79324e-20
-2e+11;0.0214372;7.3587e-19;4.48154e-19
-1.5e+11;0.0214372;8.54115e-19;1.25819e-18
-1e+11;0.0214372;6.64684e-19;1.28404e-18
-5e+10;0.0214372;-3.18052e-18;0.0107186
0;0.0214372;3.5559e-15;0
5e+10;0.0214372;-3.18052e-18;-0.0107186
1e+11;0.0214372;6.64684e-19;-1.28404e-18
1.5e+11;0.0214372;8.54115e-19;-1.25819e-18
2e+11;0.0214372;7.3587e-19;-4.48154e-19
2.5e+11;0.0214372;7.89639e-19;8.79324e-20
-2.5e+11;0.0216834;1.01192e-18;5.12299e-19
-2e+11;0.0216834;1.27842e-18;-3.83123e-19
-1.5e+11;0.0216834;6.67074e-19;1.79725e-18
-1e+11;0.0216834;4.72041e-20;2.14837e-18
-5e+10;0.0216834;-3.48956e-18;0.0108417
0;0.0216834;-6.28689e-15;0
5e+10;0.0216834;-3.48956e-18;-0.0108417
1e+11;0.0216834;4.72041e-20;-2.14837e-18
1.5e+11;0.0216834;6.67074e-19;-1.79725e-18
2e+11;0.0216834;1.27842e-18;3.83123e-19
2.5e+11;0.0216834;1.01192e-18;-5.12299e-19
-2.5e+11;0.0219296;1.35014e-19;5.13495e-19
-2e+11;0.0219296;1.56918e-18;8.75804e-19
-1.5e+11;0.0219296;1.20706e-18;1.25394e-18
-1e+11;0.0219296;1.902e-19;-1.6118e-19
-5e+10;0.0219296;-3.49036e-18;0.0109648
0;0.0219296;-1.33717e-14;0
5e+10;0.0219296;-3.49036e-18;-0.0109648
1e+11;0.0219296;1.902e-19;1.6118e-19
1.5e+11;0.0219296;1.20706e-18;-1.25394e-18
2e+11;0.0219296;1.56918e-18;-8.75804e-19
2.5e+11;0.0219296;1.35014e-19;-5.13495e-19
-2.5e+11;0.0221759;7.73601e-19;3.67544e-19
-2e+11;0.0221759;1.31796e-18;3.37505e-19
-1.5e+11;0.0221759;1.43922e-18;9.52995e-19
-1e+11;0.0221759;-2.05033e-19;1.07687e-18
-5e+10;0.0221759;-3.86897e-18;0.0110879
0;0.0221759;1.9146e-14;0
5e+10;0.0221759;-3.86897e-18;-0.0110879
1e+11;0.0221759;-2.05033e-19;-1.07687e-18
1.5e+11;0.0221759;1.43922e-18;-9.52995e-19
2e+11;0.0221759;1.31796e-18;-3.37505e-19
2.5e+11;0.0221759;7.73601e-19;-3.67544e-19
-2.5e+11;0.0224221;1.43836e-18;-3.07307e-19
-2e+11;0.0224221;1.25769e-18;8.84207e-19
-1.5e+11;0.0224221;6.31119e-19;2.45796e-18
-1e+11;0.0224221;1.74139e-19;4.50423e-20
-5e+10;0.0224221;-3.80919e-18;0.011211
0;0.0224221;1.60299e-14;0
5e+10;0.0224221;-3.80919e-18;-0.011211
1e+11;0.0224221;1.74139e-19;-4.50423e-20
1.5e+11;0.0224221;6.31119e-19;-2.45796e-18
2e+11;0.0224221;1.25769e-18;-8.84207e-19
2.5e+11;0.0224221;1.43836e-18;3.07307e-19
-2.5e+11;0.0226683;9.77207e-19;-3.30147e-19
-2e+11;0.0226683;1.01246e-18;4.99578e-20
-1.5e+11;0.0226683;1.00552e-18;1.41871e-18
-1e+11;0.0226683;1.45514e-19;4.23591e-19
-5e+10;0.0226683;-3.53528e-18;0.0113342
0;0.0226683;1.92188e-13;0
5e+10;0.0226683;-3.53528e-18;-0.0113342
1e+11;0.0226683;1.45514e-19;-4.23591e-19
1.5e+11;0.0226683;1.00552e-18;-1.41871e-18
2e+11;0.0226683;1.01246e-18;-4.99578e-20
2.5e+11;0.0226683;9.77207e-19;3.30147e-19
-2.5e+11;0.0229146;7.4968e-19;-5.94263e-19
-2e+11;0.0229146;1.19824e-18;-1.30525e-18
-1.5e+11;0.0229146;1.01669e-18;1.46683e-18
-1e+11;0.0229146;5.55608e-19;6.51235e-19
-5e+10;0.0229146;-3.78932e-18;0.0114573
0;0.0229146;2.09065e-13;0
5e+10;0.0229146;-3.78932e-18;-0.0114573
1e+11;0.0229146;5.55608e-19;-6.51235e-19
1.5e+11;0.0229146;1.01669e-18;-1.46683e-18
2e+11;0.0229146;1.19824e-18;1.30525e-18
2.5e+11;0.0229146;7.4968e-19;5.94263e-19
-2.5e+11;0.0231608;1.07489e-18;5.96911e-20
-2e+11;0.0231608;1.0069e-18;-4.37063e-19
-1.5e+11;0.0231608;6.97704e-19;2.69987e-19
-1e+11;0.0231608;9.19184e-19;-4.01074e-19
-5e+10;0.0231608;-3.77006e-18;0.0115804
0;0.0231608;-4.82824e-15;0
5e+10;0.0231608;-3.77006e-18;-0.0115804
1e+11;0.0231608;9.19184e-19;4.01074e-19
1.5e+11;0.0231608;6.97704e-19;-2.69987e-19
2e+11;0.0231608;1.0069e-18;4.37063e-19
2.5e+11;0.0231608;1.07489e-18;-5.96911e-20
-2.5e+11;0.023407;8.88898e-19;-1.19711e-18
-2e+11;0.023407;1.17908e-18;5.87636e-19
-1.5e+11;0.023407;9.93349e-19;2.35982e-18
-1e+11;0.023407;-1.6771e-20;-3.78871e-19
-5e+10;0.023407;-3.57403e-18;0.0117035
0;0.023407;6.50483e-17;0
5e+10;0.023407;-3.57403e-18;-0.0117035
1e+11;0.023407;-1.6771e-20;3.78871e-19
1.5e+11;0.023407;9.93349e-19;-2.35982e-18
2e+11;0.023407;1.17908e-18;-5.87636e-19
2.5e+11;0.023407;8.88898e-19;1.19711e-18
-2.5e+11;0.0236533;8.82846e-19;6.01691e-19
-2e+11;0.0236533;1.87943e-18;1.12489e-18
-1.5e+11;0.0236533;7.11237e-19;2.46953e-18
-1e+11;0.0236533;-4.11458e-19;7.63105e-19
-5e+10;0.0236533;-3.4727e-18;0.0118266
0;0.0236533;3.23655e-15;0
5e+10;0.0236533;-3.4727e-18;-0.0118266
1e+11;0.0236533;-4.11458e-19;-7.63105e-19
1.5e+11;0.0236533;7.11237e-19;-2.46953e-18
2e+11;0.0236533;1.87943e-18;-1.12489e-18
2.5e+11;0.0236533;8.82846e-19;-6.01691e-19
-2.5e+11;0.0238995;8.30388e-19;-2.20106e-19
-2e+11;0.0238995;9.11837e-19;6.88809e-19
-1.5e+11;0.0238995;1.16979e-18;6.84068e-19
-1e+11;0.0238995;1.31399e-18;1.46373e-18
-5e+10;0.0238995;-3.9366e-18;0.0119497
0;0.0238995;1.33879e-15;0
5e+10;0.0238995;-3.9366e-18;-0.0119497
1e+11;0.0238995;1.31399e-18;-1.46373e-18
1.5e+11;0.0238995;1.16979e-18;-6.84068e-19
2e+11;0.0238995;9.11837e-19;-6.88809e-19
2.5e+11;0.0238995;8.30388e-19;2.20106e-19
-2.5e+11;0.0241457;4.65592e-19;3.36822e-19
-2e+11;0.0241457;1.53305e-18;5.24582e-19
-1.5e+11;0.0241457;1.6222e-18;1.69154e-18
-1e+11;0.0241457;1.20295e-19;4.38232e-19
-5e+10;0.0241457;-4.19873e-18;0.0120729
0;0.0241457;1.31581e-14;0
5e+10;0.0241457;-4.19873e-18;-0.0120729
1e+11;0.0241457;1.20295e-19;-4.38232e-19
1.5e+11;0.0241457;1.6222e-18;-1.69154e-18
2e+11;0.0241457;1.53305e-18;-5.24582e-19
2.5e+11;0.0241457;4.65592e-19;-3.36822e-19
-2.5e+11;0.0243919;9.55129e-19;7.10165e-19
-2e+11;0.0243919;1.16835e-18;-4.62092e-20
-1.5e+11;0.0243919;8.59257e-19;1.29419e-18
-1e+11;0.0243919;2.42268e-19;2.43215e-18
-5e+10;0.0243919;-3.75145e-18;0.012196
0;0.0243919;-2.34495e-15;0
5e+10;0.0243919;-3.75145e-18;-0.012196
1e+11;0.0243919;2.42268e-19;-2.43215e-18
1.5e+11;0.0243919;8.59257e-19;-1.29419e-18
2e+11;0.0243919;1.16835e-18;4.62092e-20
2.5e+11;0.0243919;9.55129e-19;-7.10165e-19
-2.5e+11;0.0246382;4.19919e-19;3.44737e-19
-2e+11;0.0246382;2.41322e-18;1.51896e-18
-1.5e+11;0.0246382;1.1224e-18;1.57844e-18
-1e+11;0.0246382;-4.94537e-20;2.15723e-19
-5e+10;0.0246382;-4.15793e-18;0.0123191
0;0.0246382;-7.66877e-15;0
5e+10;0.0246382;-4.15793e-18;-0.0123191
1e+11;0.0246382;-4.94537e-20;-2.15723e-19
1.5e+11;0.0246382;1.1224e-18;-1.57844e-18
2e+11;0.0246382;2.41322e-18;-1.51896e-18
2.5e+11;0.0246382;4.19919e-19;-3.44737e-19
-2.5e+11;0.0248844;1.14726e-18;1.0244e-18
-2e+11;0.0248844;1.4016e-18;1.53172e-18
-1.5e+11;0.0248844;7.13281e-19;2.95309e-18
-1e+11;0.0248844;-2.35083e-19;-5.06015e-19
-5e+10;0.0248844;-3.79374e-18;0.0124422
0;0.0248844;-1.28581e-12;0
5e+10;0.0248844;-3.79374e-18;-0.0124422
1e+11;0.0248844;-2.35083e-19;5.06015e-19
1.5e+11;0.0248844;7.13281e-19;-2.95309e-18
2e+11;0.0248844;1.4016e-18;-1.53172e-18
2.5e+11;0.0248844;1.14726e-18;-1.0244e-18
-2.5e+11;0.0251306;1.27228e-18;-9.38966e-19
-2e+11;0.0251306;1.11991e-18;1.73822e-19
-1.5e+11;0.0251306;1.18483e-18;3.0957e-18
-1e+11;0.0251306;4.82587e-19;8.3583e-19
-5e+10;0.0251306;-4.16377e-18;0.0125653
0;0.0251306;1.07738e-14;0
5e+10;0.0251306;-4.16377e-18;-0.0125653
1e+11;0.0251306;4.82587e-19;-8.3583e-19
1.5e+11;0.0251306;1.18483e-18;-3.0957e-18
2e+11;0.0251306;1.11991e-18;-1.73822e-19
2.5e+11;0.0251306;1.27228e-18;9.38966e-19
-2.5e+11;0.0253769;6.96077e-19;-4.84392e-19
-2e+11;0.0253769;1.33029e-18;1.6345e-19
-1.5e+11;0.0253769;1.35392e-18;2.12334e-18
-1e+11;0.0253769;1.04761e-19;5.23752e-19
-5e+10;0.0253769;-4.10018e-18;0.0126884
0;0.0253769;1.61037e-14;0
5e+10;0.0253769;-4.10018e-18;-0.0126884
1e+11;0.0253769;1.04761e-19;-5.23752e-19
1.5e+11;0.0253769;1.35392e-18;-2.12334e-18
2e+11;0.0253769;1.33029e-18;-1.6345e-19
2.5e+11;0.0253769;6.96077e-19;4.84392e-19
-2.5e+11;0.0256231;7.02052e-19;6.56913e-20
-2e+11;0.0256231;9.54668e-19;1.36303e-18
-1.5e+11;0.0256231;1.77249e-18;1.39179e-18
-1e+11;0.0256231;1.06289e-18;6.69818e-19
-5e+10;0.0256231;-4.55099e-18;0.0128115
0;0.0256231;1.49866e-12;0
5e+10;0.0256231;-4.55099e-18;-0.0128115
1e+11;0.0256231;1.06289e-18;-6.69818e-19
1.5e+11;0.0256231;1.77249e-18;-1.39179e-18
2e+11;0.0256231;9.54668e-19;-1.36303e-18
2.5e+11;0.0256231;7.02052e-19;-6.56913e-20
-2.5e+11;0.0258693;1.06477e-18;-5.44418e-19
-2e+11;0.0258693;1.62211e-18;7.55789e-19
-1.5e+11;0.0258693;3.384e-19;2.24027e-18
-1e+11;0.0258693;3.45603e-19;2.0038e-19
-5e+10;0.0258693;-3.6873e-18;0.0129347
0;0.0258693;2.72324e-15;0
5e+10;0.0258693;-3.6873e-18;-0.0129347
1e+11;0.0258693;3.45603e-19;-2.0038e-19
1.5e+11;0.0258693;3.384e-19;-2.24027e-18
2e+11;0.0258693;1.62211e-18;-7.55789e-19
2.5e+11;0.0258693;1.06477e-18;5.44418e-19
-2.5e+11;0.0261156;8.26297e-19;1.65535e-18
-2e+11;0.0261156;1.67822e-18;2.75534e-18
-1.5e+11;0.0261156;9.74916e-19;1.13142e-18
-1e+11;0.0261156;7.17976e-19;2.49647e-19
-5e+10;0.0261156;-3.9952e-18;0.0130578
0;0.0261156;1.28335e-13;0
5e+10;0.0261156;-3.9952e-18;-0.0130578
1e+11;0.0261156;7.17976e-19;-2.49647e-19
1.5e+11;0.0261156;9.74916e-19;-1.13142e-18
2e+11;0.0261156;1.67822e-18;-2.75534e-18
2.5e+11;0.0261156;8.26297e-19;-1.65535e-18
-2.5e+11;0.0263618;1.69583e-18;6.8063e-19
-2e+11;0.0263618;1.18144e-18;2.15998e-18
-1.5e+11;0.0263618;4.29078e-19;1.29208e-18
-1e+11;0.0263618;4.92725e-19;-9.5668e-19
-5e+10;0.0263618;-3.92992e-18;0.0131809
0;0.0263618;-1.55777e-14;0
5e+10;0.0263618;-3.92992e-18;-0.0131809
1e+11;0.0263618;4.92725e-19;9.5668e-19
1.5e+11;0.0263618;4.29078e-19;-1.29208e-18
2e+11;0.0263618;1.18144e-18;-2.15998e-18
2.5e+11;0.0263618;1.69583e-18;-6.8063e-19
-2.5e+11;0.026608;5.44928e-19;-3.41334e-19
-2e+11;0.026608;1.10242e-18;-1.56074e-19
-1.5e+11;0.026608;1.72321e-18;2.73486e-18
-1e+11;0.026608;4.66933e-19;1.45934e-18
-5e+10;0.026608;-4.52414e-18;0.013304
0;0.026608;1.98562e-13;0
5e+10;0.026608;-4.52414e-18;-0.013304
1e+11;0.026608;4.66933e-19;-1.45934e-18
1.5e+11;0.026608;1.72321e-18;-2.73486e-18
2e+11;0.026608;1.10242e-18;1.56074e-19
2.5e+11;0.026608;5.44928e-19;3.41334e-19
-2.5e+11;0.0268543;1.17583e-18;-5.22726e-19
-2e+11;0.0268543;1.74937e-18;-6.14371e-19
-1.5e+11;0.0268543;1.15925e-18;3.79964e-19
-1e+11;0.0268543;-2.8896e-20;4.96037e-19
-5e+10;0.0268543;-4.52319e-18;0.0134271
0;0.0268543;5.13144e-15;0
5e+10;0.0268543;-4.52319e-18;-0.0134271
1e+11;0.0268543;-2.8896e-20;-4.96037e-19
1.5e+11;0.0268543;1.15925e-18;-3.79964e-19
2e+11;0.0268543;1.74937e-18;6.14371e-19
2.5e+11;0.0268543;1.17583e-18;5.22726e-19
-2.5e+11;0.0271005;1.03203e-18;1.49733e-19
-2e+11;0.0271005;1.22442e-18;5.26546e-19
-1.5e+11;0.0271005;9.66033e-19;1.80519e-18
-1e+11;0.0271005;5.37786e-19;-6.05841e-19
-5e+10;0.0271005;-4.17633e-18;0.0135502
0;0.0271005;3.62361e-13;0
5e+10;0.0271005;-4.17633e-18;-0.0135502
1e+11;0.0271005;5.37786e-19;6.05841e-19
1.5e+11;0.0271005;9.66033e-19;-1.80519e-18
2e+11;0.0271005;1.22442e-18;-5.26546e-19
2.5e+11;0.0271005;1.03203e-18;-1.49733e-19
-2.5e+11;0.0273467;3.44871e-19;5.18838e-19
-2e+11;0.0273467;1.76142e-18;8.10484e-19
-1.5e+11;0.0273467;1.28208e-18;5.38237e-19
-1e+11;0.0273467;3.22015e-20;2.28545e-18
-5e+10;0.0273467;-4.2112e-18;0.0136734
0;0.0273467;1.96221e-15;0
5e+10;0.0273467;-4.2112e-18;-0.0136734
1e+11;0.0273467;3.22015e-20;-2.28545e-18
1.5e+11;0.0273467;1.28208e-18;-5.38237e-19
2e+11;0.0273467;1.76142e-18;-8.10484e-19
2.5e+11;0.0273467;3.44871e-19;-5.18838e-19
-2.5e+11;0.0275929;1.98272e-18;4.76224e-19
-2e+11;0.0275929;7.15425e-19;1.79431e-18
-1.5e+11;0.0275929;8.29713e-19;1.46414e-18
-1e+11;0.0275929;4.74229e-19;2.84187e-18
-5e+10;0.0275929;-4.36347e-18;0.0137965
0;0.0275929;-2.92082e-13;0
5e+10;0.0275929;-4.36347e-18;-0.0137965
1e+11;0.0275929;4.74229e-19;-2.84187e-18
1.5e+11;0.0275929;8.29713e-19;-1.46414e-18
2e+11;0.0275929;7.15425e-19;-1.79431e-18
2.5e+11;0.0275929;1.98272e-18;-4.76224e-19
-2.5e+11;0.0278392;1.07895e-18;4.74584e-19
-2e+11;0.0278392;1.28231e-18;1.45921e-18
-1.5e+11;0.0278392;1.39959e-18;1.14235e-18
-1e+11;0.0278392;4.74031e-19;-1.91e-19
-5e+10;0.0278392;-4.76141e-18;0.0139196
0;0.0278392;4.98277e-13;0
5e+10;0.0278392;-4.76141e-18;-0.0139196
1e+11;0.0278392;4.74031e-19;1.91e-19
1.5e+11;0.0278392;1.39959e-18;-1.14235e-18
2e+11;0.0278392;1.28231e-18;-1.45921e-18
2.5e+11;0.0278392;1.07895e-18;-4.74584e-19
-2.5e+11;0.0280854;6.13225e-19;-1.18844e-18
-2e+11;0.0280854;2.08968e-18;3.37128e-19
-1.5e+11;0.0280854;1.44911e-18;1.71365e-18
-1e+11;0.0280854;5.77229e-19;2.79604e-19
-5e+10;0.0280854;-4.69856e-18;0.0140427
0;0.0280854;-1.04612e-12;0
5e+10;0.0280854;-4.69856e-18;-0.0140427
1e+11;0.0280854;5.77229e-19;-2.79604e-19
1.5e+11;0.0280854;1.44911e-18;-1.71365e-18
2e+11;0.0280854;2.08968e-18;-3.37128e-19
2.5e+11;0.0280854;6.13225e-19;1.18844e-18
-2.5e+11;0.0283316;1.17485e-18;-1.33266e-19
-2e+11;0.0283316;1.46712e-18;2.1006e-19
-1.5e+11;0.0283316;1.60008e-18;1.66294e-18
-1e+11;0.0283316;2.40025e-19;1.05171e-18
-5e+10;0.0283316;-5.06613e-18;0.0141658
0;0.0283316;-4.39549e-13;0
5e+10;0.0283316;-5.06613e-18;-0.0141658
1e+11;0.0283316;2.40025e-19;-1.05171e-18
1.5e+11;0.0283316;1.60008e-18;-1.66294e-18
2e+11;0.0283316;1.46712e-18;-2.1006e-19
2.5e+11;0.0283316;1.17485e-18;1.33266e-19
-2.5e+11;0.0285779;8.27034e-19;-2.69513e-19
-2e+11;0.0285779;1.5286e-18;6.21035e-19
-1.5e+11;0.0285779;1.04526e-18;1.58277e-18
-1e+11;0.0285779;2.34742e-19;1.05395e-18
-5e+10;0.0285779;-4.30907e-18;0.0142889
0;0.0285779;4.88989e-14;0
5e+10;0.0285779;-4.30907e-18;-0.0142889
1e+11;0.0285779;2.34742e-19;-1.05395e-18
1.5e+11;0.0285779;1.04526e-18;-1.58277e-18
2e+11;0.0285779;1.5286e-18;-6.21035e-19
2.5e+11;0.0285779;8.27034e-19;2.69513e-19
-2.5e+11;0.0288241;1.45293e-18;-3.66257e-19
-2e+11;0.0288241;1.86605e-18;4.20342e-19
-1.5e+11;0.0288241;6.19264e-19;1.53227e-18
-1e+11;0.0288241;6.33398e-20;-7.304e-19
-5e+10;0.0288241;-4.41692e-18;0.0144121
0;0.0288241;-3.80257e-14;0
5e+10;0.0288241;-4.41692e-18;-0.0144121
1e+11;0.0288241;6.33398e-20;7.304e-19
1.5e+11;0.0288241;6.19264e-19;-1.53227e-18
2e+11;0.0288241;1.86605e-18;-4.20342e-19
2.5e+11;0.0288241;1.45293e-18;3.66257e-19
-2.5e+11;0.0290703;1.20778e-18;-1.68013e-18
-2e+11;0.0290703;2.03129e-18;-3.26953e-19
-1.5e+11;0.0290703;6.53933e-19;1.29081e-18
-1e+11;0.0290703;5.23892e-19;2.27002e-18
-5e+10;0.0290703;-4.23193e-18;0.0145352
0;0.0290703;-5.88273e-13;0
5e+10;0.0290703;-4.23193e-18;-0.0145352
1e+11;0.0290703;5.23892e-19;-2.27002e-18
1.5e+11;0.0290703;6.53933e-19;-1.29081e-18
2e+11;0.0290703;2.03129e-18;3.26953e-19
2.5e+11;0.0290703;1.20778e-18;1.68013e-18
-2.5e+11;0.0293166;1.06277e-18;1.12738e-18
-2e+11;0.0293166;1.99293e-18;1.36832e-18
-1.5e+11;0.0293166;8.75154e-19;1.08308e-18
-1e+11;0.0293166;3.43187e-19;-2.88959e-19
-5e+10;0.0293166;-4.2078e-18;0.0146583
0;0.0293166;-1.77666e-13;0
5e+10;0.0293166;-4.2078e-18;-0.0146583
1e+11;0.0293166;3.43187e-19;2.88959e-19
1.5e+11;0.0293166;8.75154e-19;-1.08308e-18
2e+11;0.0293166;1.99293e-18;-1.36832e-18
2.5e+11;0.0293166;1.06277e-18;-1.12738e-18
-2.5e+11;0.0295628;1.82875e-18;1.56684e-18
-2e+11;0.0295628;1.03632e-18;5.61063e-19
-1.5e+11;0.0295628;9.24173e-19;1.40262e-20
-1e+11;0.0295628;7.83573e-19;1.13514e-18
-5e+10;0.0295628;-4.69106e-18;0.0147814
0;0.0295628;-1.96959e-14;0
5e+10;0.0295628;-4.69106e-18;-0.0147814
1e+11;0.0295628;7.83573e-19;-1.13514e-18
1.5e+11;0.0295628;9.24173e-19;-1.40262e-20
2e+11;0.0295628;1.03632e-18;-5.61063e-19
2.5e+11;0.0295628;1.82875e-18;-1.56684e-18
-2.5e+11;0.029809;1.98185e-18;-7.1424e-19
-2e+11;0.029809;1.23091e-18;6.8717e-19
-1.5e+11;0.029809;1.30988e-18;1.32932e-18
-1e+11;0.029809;4.77243e-19;-1.07019e-18
-5e+10;0.029809;-5.146e-18;0.0149045
0;0.029809;4.56173e-14;0
5e+10;0.029809;-5.146e-18;-0.0149045
1e+11;0.029809;4.77243e-19;1.07019e-18
1.5e+11;0.029809;1.30988e-18;-1.32932e-18
2e+11;0.029809;1.23091e-18;-6.8717e-19
2.5e+11;0.029809;1.98185e-18;7.1424e-19
-2.5e+11;0.0300553;1.39732e-18;6.83077e-19
-2e+11;0.0300553;2.0799e-18;2.50193e-18
-1.5e+11;0.0300553;1.03208e-18;1.66327e-18
-1e+11;0.0300553;3.07984e-19;1.2175e-18
-5e+10;0.0300553;-5.11266e-18;0.0150276
0;0.0300553;6.69823e-14;0
5e+10;0.0300553;-5.11266e-18;-0.0150276
1e+11;0.0300553;3.07984e-19;-1.2175e-18
1.5e+11;0.0300553;1.03208e-18;-1.66327e-18
2e+11;0.0300553;2.0799e-18;-2.50193e-18
2.5e+11;0.0300553;1.39732e-18;-6.83077e-19
-2.5e+11;0.0303015;1.74218e-18;1.28046e-18
-2e+11;0.0303015;1.37226e-18;1.7858e-18
-1.5e+11;0.0303015;2.35648e-19;9.4714e-19
-1e+11;0.0303015;5.3194e-19;2.85852e-18
-5e+10;0.0303015;-4.10841e-18;0.0151507
0;0.0303015;-2.1297e-13;0
5e+10;0.0303015;-4.10841e-18;-0.0151507
1e+11;0.0303015;5.3194e-19;-2.85852e-18
1.5e+11;0.0303015;2.35648e-19;-9.4714e-19
2e+11;0.0303015;1.37226e-18;-1.7858e-18
2.5e+11;0.0303015;1.74218e-18;-1.28046e-18
-2.5e+11;0.0305477;1.24922e-18;-7.28102e-19
-2e+11;0.0305477;1.8913e-18;-1.04242e-18
-1.5e+11;0.0305477;1.09763e-18;2.22936e-18
-1e+11;0.0305477;8.06022e-19;1.66253e-18
-5e+10;0.0305477;-5.014e-18;0.0152739
0;0.0305477;-4.42191e-14;0
5e+10;0.0305477;-5.014e-18;-0.0152739
1e+11;0.0305477;8.06022e-19;-1.66253e-18
1.5e+11;0.0305477;1.09763e-18;-2.22936e-18
2e+11;0.0305477;1.8913e-18;1.04242e-18
2.5e+11;0.0305477;1.24922e-18;7.28102e-19
-2.5e+11;0.030794;6.93544e-19;8.06367e-20
-2e+11;0.030794;1.96798e-18;1.58934e-18
-1.5e+11;0.030794;1.43809e-18;8.91951e-19
-1e+11;0.030794;1.50983e-19;-3.51229e-19
-5e+10;0.030794;-4.94292e-18;0.015397
0;0.030794;-1.24513e-16;0
5e+10;0.030794;-4.94292e-18;-0.015397
1e+11;0.030794;1.50983e-19;3.51229e-19
1.5e+11;0.030794;1.43809e-18;-8.91951e-19
2e+11;0.030794;1.96798e-18;-1.58934e-18
2.5e+11;0.030794;6.93544e-19;-8.06367e-20
-2.5e+11;0.0310402;6.55001e-19;2.59344e-19
-2e+11;0.0310402;1.52771e-18;-1.89012e-20
-1.5e+11;0.0310402;1.76506e-18;1.9362e-18
-1e+11;0.0310402;9.98468e-19;3.29941e-18
-5e+10;0.0310402;-4.99026e-18;0.0155201
0;0.0310402;-1.78148e-15;0
5e+10;0.0310402;-4.99026e-18;-0.0155201
1e+11;0.0310402;9.98468e-19;-3.29941e-18
1.5e+11;0.0310402;1.76506e-18;-1.9362e-18
2e+11;0.0310402;1.52771e-18;1.89012e-20
2.5e+11;0.0310402;6.55001e-19;-2.59344e-19
-2.5e+11;0.0312864;7.83811e-19;-1.58037e-19
-2e+11;0.0312864;2.57119e-18;1.00126e-18
-1.5e+11;0.0312864;1.81433e-19;2.95694e-18
-1e+11;0.0312864;2.99287e-19;1.25924e-18
-5e+10;0.0312864;-4.08144e-18;0.0156432
0;0.0312864;-1.98154e-15;0
5e+10;0.0312864;-4.08144e-18;-0.0156432
1e+11;0.0312864;2.99287e-19;-1.25924e-18
1.5e+11;0.0312864;1.81433e-19;-2.95694e-18
2e+11;0.0312864;2.57119e-18;-1.00126e-18
2.5e+11;0.0312864;7.83811e-19;1.58037e-19
-2.5e+11;0.0315326;8.66209e-19;6.8665e-19
-2e+11;0.0315326;9.65914e-19;2.17731e-18
-1.5e+11;0.0315326;2.36717e-18;2.46142e-18
-1e+11;0.0315326;2.536e-19;8.0931e-19
-5e+10;0.0315326;-5.29042e-18;0.0157663
0;0.0315326;4.94471e-16;0
5e+10;0.0315326;-5.29042e-18;-0.0157663
1e+11;0.0315326;2.536e-19;-8.0931e-19
1.5e+11;0.0315326;2.36717e-18;-2.46142e-18
2e+11;0.0315326;9.65914e-19;-2.17731e-18
2.5e+11;0.0315326;8.66209e-19;-6.8665e-19
-2.5e+11;0.0317789;1.9995e-18;5.70734e-19
-2e+11;0.0317789;1.39897e-18;2.59735e-19
-1.5e+11;0.0317789;8.01212e-19;2.67894e-18
-1e+11;0.0317789;6.73989e-19;3.41529e-18
-5e+10;0.0317789;-4.82129e-18;0.0158894
0;0.0317789;-1.79589e-18;0
5e+10;0.0317789;-4.82129e-18;-0.0158894
1e+11;0.0317789;6.73989e-19;-3.41529e-18
1.5e+11;0.0317789;8.01212e-19;-2.67894e-18
2e+11;0.0317789;1.39897e-18;-2.59735e-19
2.5e+11;0.0317789;1.9995e-18;-5.70734e-19
-2.5e+11;0.0320251;2.13747e-18;-5.74205e-19
-2e+11;0.0320251;8.04546e-19;9.76365e-19
-1.5e+11;0.0320251;1.29617e-18;1.45574e-18
-1e+11;0.0320251;8.5339e-19;5.10222e-19
-5e+10;0.0320251;-5.37293e-18;0.0160126
0;0.0320251;-1.8723e-15;0
5e+10;0.0320251;-5.37293e-18;-0.0160126
1e+11;0.0320251;8.5339e-19;-5.10222e-19
1.5e+11;0.0320251;1.29617e-18;-1.45574e-18
2e+11;0.0320251;8.04546e-19;-9.76365e-19
2.5e+11;0.0320251;2.13747e-18;5.74205e-19
-2.5e+11;0.0322713;1.7224e-18;1.56642e-18
-2e+11;0.0322713;1.71546e-18;1.7585e-18
-1.5e+11;0.0322713;6.58038e-19;1.80417e-18
-1e+11;0.0322713;8.36858e-19;9.17587e-19
-5e+10;0.0322713;-4.75121e-18;0.0161357
0;0.0322713;-1.59914e-14;0
5e+10;0.0322713;-4.75121e-18;-0.0161357
1e+11;0.0322713;8.36858e-19;-9.17587e-19
1.5e+11;0.0322713;6.58038e-19;-1.80417e-18
2e+11;0.0322713;1.71546e-18;-1.7585e-18
2.5e+11;0.0322713;1.7224e-18;-1.56642e-18
-2.5e+11;0.0325176;1.3202e-18;-9.64393e-19
-2e+11;0.0325176;1.443e-18;1.15197e-18
-1.5e+11;0.0325176;1.17266e-18;1.36521e-18
-1e+11;0.0325176;1.27104e-18;1.96249e-18
-5e+10;0.0325176;-5.29132e-18;0.0162588
0;0.0325176;-3.66157e-15;0
5e+10;0.0325176;-5.29132e-18;-0.0162588
1e+11;0.0325176;1.27104e-18;-1.96249e-18
1.5e+11;0.0325176;1.17266e-18;-1.36521e-18
2e+11;0.0325176;1.443e-18;-1.15197e-18
2.5e+11;0.0325176;1.3202e-18;9.64393e-19
-2.5e+11;0.0327638;2.26875e-18;3.58266e-19
-2e+11;0.0327638;1.12679e-18;1.21189e-18
-1.5e+11;0.0327638;3.86127e-19;2.76594e-18
-1e+11;0.0327638;6.85504e-19;-1.32109e-18
-5e+10;0.0327638;-4.83852e-18;0.0163819
0;0.0327638;-4.05917e-14;0
5e+10;0.0327638;-4.83852e-18;-0.0163819
1e+11;0.0327638;6.85504e-19;1.32109e-18
1.5e+11;0.0327638;3.86127e-19;-2.76594e-18
2e+11;0.0327638;1.12679e-18;-1.21189e-18
2.5e+11;0.0327638;2.26875e-18;-3.58266e-19
-2.5e+11;0.03301;1.56895e-18;-8.97479e-19
-2e+11;0.03301;1.61362e-18;7.51848e-19
-1.5e+11;0.03301;1.32374e-18;2.27398e-18
-1e+11;0.03301;8.72559e-19;4.08162e-20
-5e+10;0.03301;-5.15533e-18;0.016505
0;0.03301;1.17446e-13;0
5e+10;0.03301;-5.15533e-18;-0.016505
1e+11;0.03301;8.72559e-19;-4.08162e-20
1.5e+11;0.03301;1.32374e-18;-2.27398e-18
2e+11;0.03301;1.61362e-18;-7.51848e-19
2.5e+11;0.03301;1.56895e-18;8.97479e-19
-2.5e+11;0.0332563;1.23289e-18;-7.71829e-20
-2e+11;0.0332563;2.02983e-18;-1.98643e-19
-1.5e+11;0.0332563;1.55841e-18;2.0383e-18
-1e+11;0.0332563;3.22645e-19;1.78719e-18
-5e+10;0.0332563;-5.71519e-18;0.0166281
0;0.0332563;2.56042e-14;0
5e+10;0.0332563;-5.71519e-18;-0.0166281
1e+11;0.0332563;3.22645e-19;-1.78719e-18
1.5e+11;0.0332563;1.55841e-18;-2.0383e-18
2e+11;0.0332563;2.02983e-18;1.98643e-19
2.5e+11;0.0332563;1.23289e-18;7.71829e-20
-2.5e+11;0.0335025;1.83031e-18;-9.40855e-20
-2e+11;0.0335025;1.9233e-18;1.09295e-18
-1.5e+11;0.0335025;-2.73661e-19;2.27672e-18
-1e+11;0.0335025;8.09733e-19;3.28291e-19
-5e+10;0.0335025;-4.25759e-18;0.0167512
0;0.0335025;-4.69271e-13;0
5e+10;0.0335025;-4.25759e-18;-0.0167512
1e+11;0.0335025;8.09733e-19;-3.28291e-19
1.5e+11;0.0335025;-2.73661e-19;-2.27672e-18
2e+11;0.0335025;1.9233e-18;-1.09295e-18
2.5e+11;0.0335025;1.83031e-18;9.40855e-20
-2.5e+11;0.0337487;1.76966e-18;-1.61407e-18
-2e+11;0.0337487;1.36465e-18;-7.75363e-19
-1.5e+11;0.0337487;8.38249e-19;3.46723e-18
-1e+11;0.0337487;9.21397e-19;1.22151e-18
-5e+10;0.0337487;-5.26143e-18;0.0168744
0;0.0337487;4.47165e-14;0
5e+10;0.0337487;-5.26143e-18;-0.0168744
1e+11;0.0337487;9.21397e-19;-1.22151e-18
1.5e+11;0.0337487;8.38249e-19;-3.46723e-18
2e+11;0.0337487;1.36465e-18;7.75363e-19
2.5e+11;0.0337487;1.76966e-18;1.61407e-18
-2.5e+11;0.033995;1.39799e-18;-3.83084e-20
-2e+11;0.033995;1.98124e-18;1.7412e-18
-1.5e+11;0.033995;9.16111e-19;2.97079e-18
-1e+11;0.033995;1.0773e-18;3.402e-18
-5e+10;0.033995;-4.96778e-18;0.0169975
0;0.033995;-4.7002e-14;0
5e+10;0.033995;-4.96778e-18;-0.0169975
1e+11;0.033995;1.0773e-18;-3.402e-18
1.5e+11;0.033995;9.16111e-19;-2.97079e-18
2e+11;0.033995;1.98124e-18;-1.7412e-18
2.5e+11;0.033995;1.39799e-18;3.83084e-20
-2.5e+11;0.0342412;7.85007e-19;-3.32424e-19
-2e+11;0.0342412;1.4312e-18;7.86846e-19
-1.5e+11;0.0342412;1.53681e-18;1.37422e-18
-1e+11;0.0342412;5.90548e-19;-4.48516e-19
-5e+10;0.0342412;-4.95357e-18;0.0171206
0;0.0342412;-5.14683e-14;0
5e+10;0.0342412;-4.95357e-18;-0.0171206
1e+11;0.0342412;5.90548e-19;4.48516e-19
1.5e+11;0.0342412;1.53681e-18;-1.37422e-18
2e+11;0.0342412;1.4312e-18;-7.86846e-19
2.5e+11;0.0342412;7.85007e-19;3.32424e-19
-2.5e+11;0.0344874;1.65041e-18;9.26115e-19
-2e+11;0.0344874;1.43205e-18;1.9226e-18
-1.5e+11;0.0344874;1.26323e-18;2.32918e-18
-1e+11;0.0344874;1.32522e-18;1.79878e-18
-5e+10;0.0344874;-5.57577e-18;0.0172437
0;0.0344874;-3.33442e-14;0
5e+10;0.0344874;-5.57577e-18;-0.0172437
1e+11;0.0344874;1.32522e-18;-1.79878e-18
1.5e+11;0.0344874;1.26323e-18;-2.32918e-18
2e+11;0.0344874;1.43205e-18;-1.9226e-18
2.5e+11;0.0344874;1.65041e-18;-9.26115e-19
-2.5e+11;0.0347336;1.12513e-18;1.55089e-18
-2e+11;0.0347336;2.0137e-18;2.61395e-18
-1.5e+11;0.0347336;2.24148e-18;1.83564e-18
-1e+11;0.0347336;5.16329e-19;1.64408e-18
-5e+10;0.0347336;-6.13419e-18;0.0173668
0;0.0347336;1.76429e-15;0
5e+10;0.0347336;-6.13419e-18;-0.0173668
1e+11;0.0347336;5.16329e-19;-1.64408e-18
1.5e+11;0.0347336;2.24148e-18;-1.83564e-18
2e+11;0.0347336;2.0137e-18;-2.61395e-18
2.5e+11;0.0347336;1.12513e-18;-1.55089e-18
-2.5e+11;0.0349799;2.36518e-18;-3.33e-18
-2e+11;0.0349799;1.55927e-18;-1.86009e-18
-1.5e+11;0.0349799;9.91152e-19;1.88746e-18
-1e+11;0.0349799;6.31314e-19;3.09721e-18
-5e+10;0.0349799;-5.82236e-18;0.0174899
0;0.0349799;-2.78221e-14;0
5e+10;0.0349799;-5.82236e-18;-0.0174899
1e+11;0.0349799;6.31314e-19;-3.09721e-18
1.5e+11;0.0349799;9.91152e-19;-1.88746e-18
2e+11;0.0349799;1.55927e-18;1.86009e-18
2.5e+11;0.0349799;2.36518e-18;3.33e-18
-2.5e+11;0.0352261;8.38776e-19;-1.09384e-18
-2e+11;0.0352261;2.38459e-18;-1.07028e-18
-1.5e+11;0.0352261;9.88484e-19;4.20022e-18
-1e+11;0.0352261;9.01407e-19;1.29199e-18
-5e+10;0.0352261;-4.98114e-18;0.0176131
0;0.0352261;2.14505e-14;0
5e+10;0.0352261;-4.98114e-18;-0.0176131
1e+11;0.0352261;9.01407e-19;-1.29199e-18
1.5e+11;0.0352261;9.88484e-19;-4.20022e-18
2e+11;0.0352261;2.38459e-18;1.07028e-18
2.5e+11;0.0352261;8.38776e-19;1.09384e-18
-2.5e+11;0.0354723;6.96762e-19;1.34457e-18
-2e+11;0.0354723;2.7135e-18;5.94109e-19
-1.5e+11;0.0354723;1.35008e-18;2.59541e-18
-1e+11;0.0354723;6.79669e-19;1.99822e-18
-5e+10;0.0354723;-5.4626e-18;0.0177362
0;0.0354723;-9.36782e-14;0
5e+10;0.0354723;-5.4626e-18;-0.0177362
1e+11;0.0354723;6.79669e-19;-1.99822e-18
1.5e+11;0.0354723;1.35008e-18;-2.59541e-18
2e+11;0.0354723;2.7135e-18;-5.94109e-19
2.5e+11;0.0354723;6.96762e-19;-1.34457e-18
-2.5e+11;0.0357186;1.10826e-18;8.02414e-19
-2e+11;0.0357186;2.61296e-18;2.68752e-19
-1.5e+11;0.0357186;1.29584e-18;7.28234e-19
-1e+11;0.0357186;3.31435e-19;1.88962e-18
-5e+10;0.0357186;-5.44646e-18;0.0178593
0;0.0357186;-2.63805e-15;0
5e+10;0.0357186;-5.44646e-18;-0.0178593
1e+11;0.0357186;3.31435e-19;-1.88962e-18
1.5e+11;0.0357186;1.29584e-18;-7.28234e-19
2e+11;0.0357186;2.61296e-18;-2.68752e-19
2.5e+11;0.0357186;1.10826e-18;-8.02414e-19
-2.5e+11;0.0359648;5.06057e-19;1.08123e-18
-2e+11;0.0359648;2.63917e-18;2.83857e-18
-1.5e+11;0.0359648;2.35289e-18;1.27242e-18
-1e+11;0.0359648;5.85035e-19;6.41348e-20
-5e+10;0.0359648;-6.14082e-18;0.0179824
0;0.0359648;-1.39274e-15;0
5e+10;0.0359648;-6.14082e-18;-0.0179824
1e+11;0.0359648;5.85035e-19;-6.41348e-20
1.5e+11;0.0359648;2.35289e-18;-1.27242e-18
2e+11;0.0359648;2.63917e-18;-2.83857e-18
2.5e+11;0.0359648;5.06057e-19;-1.08123e-18
-2.5e+11;0.036211;2.52021e-18;1.64205e-19
-2e+11;0.036211;9.20414e-19;8.80574e-19
-1.5e+11;0.036211;4.31325e-19;2.4857e-18
-1e+11;0.036211;7.67685e-19;-1.21923e-18
-5e+10;0.036211;-5.38232e-18;0.0181055
0;0.036211;6.84502e-14;0
5e+10;0.036211;-5.38232e-18;-0.0181055
1e+11;0.036211;7.67685e-19;1.21923e-18
1.5e+11;0.036211;4.31325e-19;-2.4857e-18
2e+11;0.036211;9.20414e-19;-8.80574e-19
2.5e+11;0.036211;2.52021e-18;-1.64205e-19
-2.5e+11;0.0364573;1.44087e-18;1.17766e-18
-2e+11;0.0364573;2.07909e-18;1.9506e-18
-1.5e+11;0.0364573;2.18483e-18;1.69117e-18
-1e+11;0.0364573;-1.79803e-19;1.34052e-19
-5e+10;0.0364573;-6.17427e-18;0.0182286
0;0.0364573;5.47969e-15;0
5e+10;0.0364573;-6.17427e-18;-0.0182286
1e+11;0.0364573;-1.79803e-19;-1.34052e-19
1.5e+11;0.0364573;2.18483e-18;-1.69117e-18
2e+11;0.0364573;2.07909e-18;-1.9506e-18
2.5e+11;0.0364573;1.44087e-18;-1.17766e-18
-2.5e+11;0.0367035;1.34798e-19;1.19797e-18
-2e+11;0.0367035;2.63831e-18;-2.5516e-19
-1.5e+11;0.0367035;2.71533e-18;2.28564e-18
-1e+11;0.0367035;-5.06753e-20;4.582e-18
-5e+10;0.0367035;-6.41659e-18;0.0183517
0;0.0367035;2.63477e-15;0
5e+10;0.0367035;-6.41659e-18;-0.0183517
1e+11;0.0367035;-5.06753e-20;-4.582e-18
1.5e+11;0.0367035;2.71533e-18;-2.28564e-18
2e+11;0.0367035;2.63831e-18;2.5516e-19
2.5e+11;0.0367035;1.34798e-19;-1.19797e-18
-2.5e+11;0.0369497;1.0515e-18;-3.76854e-19
-2e+11;0.0369497;2.23411e-18;6.24173e-19
-1.5e+11;0.0369497;1.55506e-18;2.97607e-18
-1e+11;0.0369497;8.6514e-19;1.73685e-18
-5e+10;0.0369497;-6.16984e-18;0.0184749
0;0.0369497;-9.3991e-18;0
5e+10;0.0369497;-6.16984e-18;-0.0184749
1e+11;0.0369497;8.6514e-19;-1.73685e-18
1.5e+11;0.0369497;1.55506e-18;-2.97607e-18
2e+11;0.0369497;2.23411e-18;-6.24173e-19
2.5e+11;0.0369497;1.0515e-18;3.76854e-19
-2.5e+11;0.037196;1.70741e-18;-6.79294e-19
-2e+11;0.037196;1.49399e-18;7.71289e-19
-1.5e+11;0.037196;1.84898e-18;3.01397e-18
-1e+11;0.037196;9.15627e-19;-5.09373e-19
-5e+10;0.037196;-6.07911e-18;0.018598
0;0.037196;-9.38233e-15;0
5e+10;0.037196;-6.07911e-18;-0.018598
1e+11;0.037196;9.15627e-19;5.09373e-19
1.5e+11;0.037196;1.84898e-18;-3.01397e-18
2e+11;0.037196;1.49399e-18;-7.71289e-19
2.5e+11;0.037196;1.70741e-18;6.79294e-19
-2.5e+11;0.0374422;1.67568e-18;-2.51185e-18
-2e+11;0.0374422;1.55175e-18;-7.67944e-19
-1.5e+11;0.0374422;8.29942e-19;2.6363e-18
-1e+11;0.0374422;9.97878e-19;1.385e-18
-5e+10;0.0374422;-5.2774e-18;0.0187211
0;0.0374422;-5.41452e-15;0
5e+10;0.0374422;-5.2774e-18;-0.0187211
1e+11;0.0374422;9.97878e-19;-1.385e-18
1.5e+11;0.0374422;8.29942e-19;-2.6363e-18
2e+11;0.0374422;1.55175e-18;7.67944e-19
2.5e+11;0.0374422;1.67568e-18;2.51185e-18
-2.5e+11;0.0376884;1.64404e-18;7.88275e-20
-2e+11;0.0376884;1.6977e-18;-1.20631e-18
-1.5e+11;0.0376884;1.14628e-18;5.22978e-18
-1e+11;0.0376884;1.43722e-18;1.029e-18
-5e+10;0.0376884;-5.6921e-18;0.0188442
0;0.0376884;6.72703e-16;0
5e+10;0.0376884;-5.6921e-18;-0.0188442
1e+11;0.0376884;1.43722e-18;-1.029e-18
1.5e+11;0.0376884;1.14628e-18;-5.22978e-18
2e+11;0.0376884;1.6977e-18;1.20631e-18
2.5e+11;0.0376884;1.64404e-18;-7.88275e-20
-2.5e+11;0.0379347;4.09525e-19;-1.76495e-18
-2e+11;0.0379347;2.84066e-18;5.00629e-19
-1.5e+11;0.0379347;1.75157e-18;1.22646e-18
-1e+11;0.0379347;-1.64758e-20;4.29675e-18
-5e+10;0.0379347;-5.87848e-18;0.0189673
0;0.0379347;5.62779e-17;0
5e+10;0.0379347;-5.87848e-18;-0.0189673
1e+11;0.0379347;-1.64758e-20;-4.29675e-18
1.5e+11;0.0379347;1.75157e-18;-1.22646e-18
2e+11;0.0379347;2.84066e-18;-5.00629e-19
2.5e+11;0.0379347;4.09525e-19;1.76495e-18
-2.5e+11;0.0381809;1.47428e-18;7.75557e-19
-2e+11;0.0381809;1.25664e-18;1.86188e-18
-1.5e+11;0.0381809;1.38206e-18;2.56818e-18
-1e+11;0.0381809;1.30447e-18;-7.20839e-19
-5e+10;0.0381809;-5.58292e-18;0.0190904
0;0.0381809;-1.22885e-14;0
5e+10;0.0381809;-5.58292e-18;-0.0190904
1e+11;0.0381809;1.30447e-18;7.20839e-19
1.5e+11;0.0381809;1.38206e-18;-2.56818e-18
2e+11;0.0381809;1.25664e-18;-1.86188e-18
2.5e+11;0.0381809;1.47428e-18;-7.75557e-19
-2.5e+11;0.0384271;2.22561e-18;8.2821e-19
-2e+11;0.0384271;1.66063e-18;3.33772e-18
-1.5e+11;0.0384271;9.76707e-19;2.45409e-18
-1e+11;0.0384271;9.66996e-19;9.24384e-19
-5e+10;0.0384271;-6.20238e-18;0.0192136
0;0.0384271;1.58481e-14;0
5e+10;0.0384271;-6.20238e-18;-0.0192136
1e+11;0.0384271;9.66996e-19;-9.24384e-19
1.5e+11;0.0384271;9.76707e-19;-2.45409e-18
2e+11;0.0384271;1.66063e-18;-3.33772e-18
2.5e+11;0.0384271;2.22561e-18;-8.2821e-19
-2.5e+11;0.0386733;2.23364e-18;-1.33046e-18
-2e+11;0.0386733;2.05715e-18;1.42549e-19
-1.5e+11;0.0386733;1.01686e-18;3.42295e-18
-1e+11;0.0386733;2.52881e-19;1.34482e-18
-5e+10;0.0386733;-6.00962e-18;0.0193367
0;0.0386733;3.97556e-14;0
5e+10;0.0386733;-6.00962e-18;-0.0193367
1e+11;0.0386733;2.52881e-19;-1.34482e-18
1.5e+11;0.0386733;1.01686e-18;-3.42295e-18
2e+11;0.0386733;2.05715e-18;-1.42549e-19
2.5e+11;0.0386733;2.23364e-18;1.33046e-18
-2.5e+11;0.0389196;1.27547e-18;-4.73198e-19
-2e+11;0.0389196;1.17902e-18;1.38928e-18
-1.5e+11;0.0389196;1.81947e-18;2.96025e-18
-1e+11;0.0389196;1.6011e-18;1.97435e-18
-5e+10;0.0389196;-5.98642e-18;0.0194598
0;0.0389196;-5.30187e-17;0
5e+10;0.0389196;-5.98642e-18;-0.0194598
1e+11;0.0389196;1.6011e-18;-1.97435e-18
1.5e+11;0.0389196;1.81947e-18;-2.96025e-18
2e+11;0.0389196;1.17902e-18;-1.38928e-18
2.5e+11;0.0389196;1.27547e-18;4.73198e-19
-2.5e+11;0.0391658;8.24192e-19;1.19584e-18
-2e+11;0.0391658;3.37277e-18;9.51401e-19
-1.5e+11;0.0391658;2.0865e-18;2.68417e-18
-1e+11;0.0391658;-1.44851e-19;3.07378e-18
-5e+10;0.0391658;-6.87312e-18;0.0195829
0;0.0391658;1.3199e-13;0
5e+10;0.0391658;-6.87312e-18;-0.0195829
1e+11;0.0391658;-1.44851e-19;-3.07378e-18
1.5e+11;0.0391658;2.0865e-18;-2.68417e-18
2e+11;0.0391658;3.37277e-18;-9.51401e-19
2.5e+11;0.0391658;8.24192e-19;-1.19584e-18
-2.5e+11;0.039412;1.70078e-18;-1.22941e-18
-2e+11;0.039412;1.44085e-18;1.9346e-18
-1.5e+11;0.039412;1.86501e-18;5.08233e-18
-1e+11;0.039412;5.40166e-19;1.78318e-18
-5e+10;0.039412;-6.23259e-18;0.019706
0;0.039412;-5.87699e-13;0
5e+10;0.039412;-6.23259e-18;-0.019706
1e+11;0.039412;5.40166e-19;-1.78318e-18
1.5e+11;0.039412;1.86501e-18;-5.08233e-18
2e+11;0.039412;1.44085e-18;-1.9346e-18
2.5e+11;0.039412;1.70078e-18;1.22941e-18
-2.5e+11;0.0396583;1.92472e-18;1.18882e-18
-2e+11;0.0396583;1.42007e-18;4.47075e-19
-1.5e+11;0.0396583;1.76296e-18;1.30144e-18
-1e+11;0.0396583;4.01928e-19;-2.69866e-19
-5e+10;0.0396583;-6.18137e-18;0.0198291
0;0.0396583;4.94585e-16;0
5e+10;0.0396583;-6.18137e-18;-0.0198291
1e+11;0.0396583;4.01928e-19;2.69866e-19
1.5e+11;0.0396583;1.76296e-18;-1.30144e-18
2e+11;0.0396583;1.42007e-18;-4.47075e-19
2.5e+11;0.0396583;1.92472e-18;-1.18882e-18
-2.5e+11;0.0399045;1.99126e-18;-3.10093e-20
-2e+11;0.0399045;7.1136e-19;1.86832e-18
-1.5e+11;0.0399045;1.57457e-18;3.51863e-18
-1e+11;0.0399045;1.05924e-18;7.70336e-19
-5e+10;0.0399045;-5.93738e-18;0.0199522
0;0.0399045;9.4586e-16;0
5e+10;0.0399045;-5.93738e-18;-0.0199522
1e+11;0.0399045;1.05924e-18;-7.70336e-19
1.5e+11;0.0399045;1.57457e-18;-3.51863e-18
2e+11;0.0399045;7.1136e-19;-1.86832e-18
2.5e+11;0.0399045;1.99126e-18;3.10093e-20
-2.5e+11;0.0401507;1.763e-18;-8.58321e-19
-2e+11;0.0401507;2.25097e-18;1.0508e-18
-1.5e+11;0.0401507;1.75078e-18;1.56508e-18
-1e+11;0.0401507;7.2138e-19;-1.79068e-19
-5e+10;0.0401507;-6.91408e-18;0.0200754
0;0.0401507;-3.87884e-15;0
5e+10;0.0401507;-6.91408e-18;-0.0200754
1e+11;0.0401507;7.2138e-19;1.79068e-19
1.5e+11;0.0401507;1.75078e-18;-1.56508e-18
2e+11;0.0401507;2.25097e-18;-1.0508e-18
2.5e+11;0.0401507;1.763e-18;8.58321e-19
-2.5e+11;0.040397;2.10208e-18;-1.07195e-18
-2e+11;0.040397;2.24389e-18;-4.80692e-19
-1.5e+11;0.040397;1.1878e-18;2.49973e-18
-1e+11;0.040397;4.18714e-19;2.5517e-18
-5e+10;0.040397;-6.33217e-18;0.0201985
0;0.040397;-4.49271e-13;0
5e+10;0.040397;-6.33217e-18;-0.0201985
1e+11;0.040397;4.18714e-19;-2.5517e-18
1.5e+11;0.040397;1.1878e-18;-2.49973e-18
2e+11;0.040397;2.24389e-18;4.80692e-19
2.5e+11;0.040397;2.10208e-18;1.07195e-18
-2.5e+11;0.0406432;7.31245e-19;1.20429e-18
-2e+11;0.0406432;2.63829e-18;-3.22403e-20
-1.5e+11;0.0406432;2.14628e-18;2.54683e-18
-1e+11;0.0406432;2.49751e-19;1.63359e-18
-5e+10;0.0406432;-6.23136e-18;0.0203216
0;0.0406432;-5.9895e-15;0
5e+10;0.0406432;-6.23136e-18;-0.0203216
1e+11;0.0406432;2.49751e-19;-1.63359e-18
1.5e+11;0.0406432;2.14628e-18;-2.54683e-18
2e+11;0.0406432;2.63829e-18;3.22403e-20
2.5e+11;0.0406432;7.31245e-19;-1.20429e-18
-2.5e+11;0.0408894;1.51763e-18;8.11975e-20
-2e+11;0.0408894;2.7374e-18;2.66736e-18
-1.5e+11;0.0408894;2.06735e-18;3.48752e-18
-1e+11;0.0408894;5.51075e-19;2.32301e-18
-5e+10;0.0408894;-6.86207e-18;0.0204447
0;0.0408894;-1.66735e-14;0
5e+10;0.0408894;-6.86207e-18;-0.0204447
1e+11;0.0408894;5.51075e-19;-2.32301e-18
1.5e+11;0.0408894;2.06735e-18;-3.48752e-18
2e+11;0.0408894;2.7374e-18;-2.66736e-18
2.5e+11;0.0408894;1.51763e-18;-8.11975e-20
-2.5e+11;0.0411357;1.17087e-18;2.11037e-19
-2e+11;0.0411357;1.87335e-18;1.17242e-18
-1.5e+11;0.0411357;1.58389e-18;1.85206e-18
-1e+11;0.0411357;1.58964e-18;6.24986e-19
-5e+10;0.0411357;-6.39067e-18;0.0205678
0;0.0411357;4.04877e-14;0
5e+10;0.0411357;-6.39067e-18;-0.0205678
1e+11;0.0411357;1.58964e-18;-6.24986e-19
1.5e+11;0.0411357;1.58389e-18;-1.85206e-18
2e+11;0.0411357;1.87335e-18;-1.17242e-18
2.5e+11;0.0411357;1.17087e-18;-2.11037e-19
-2.5e+11;0.0413819;1.17139e-18;2.3065e-19
-2e+11;0.0413819;1.44577e-18;3.00741e-18
-1.5e+11;0.0413819;7.50103e-19;2.46163e-18
-1e+11;0.0413819;1.05792e-18;-2.01858e-18
-5e+10;0.0413819;-5.22155e-18;0.0206909
0;0.0413819;-1.96882e-12;0
5e+10;0.0413819;-5.22155e-18;-0.0206909
1e+11;0.0413819;1.05792e-18;2.01858e-18
1.5e+11;0.0413819;7.50103e-19;-2.46163e-18
2e+11;0.0413819;1.44577e-18;-3.00741e-18
2.5e+11;0.0413819;1.17139e-18;-2.3065e-19
-2.5e+11;0.0416281;1.97839e-18;7.17751e-19
-2e+11;0.0416281;1.99189e-18;7.82806e-19
-1.5e+11;0.0416281;2.62325e-18;2.18673e-18
-1e+11;0.0416281;5.50191e-19;1.39906e-18
-5e+10;0.0416281;-7.34628e-18;0.0208141
0;0.0416281;-2.55397e-14;0
5e+10;0.0416281;-7.34628e-18;-0.0208141
1e+11;0.0416281;5.50191e-19;-1.39906e-18
1.5e+11;0.0416281;2.62325e-18;-2.18673e-18
2e+11;0.0416281;1.99189e-18;-7.82806e-19
2.5e+11;0.0416281;1.97839e-18;-7.17751e-19
-2.5e+11;0.0418743;9.51639e-19;-9.26071e-19
-2e+11;0.0418743;3.50402e-18;7.01701e-19
-1.5e+11;0.0418743;1.38252e-18;2.96853e-18
-1e+11;0.0418743;-2.69214e-21;4.87546e-20
-5e+10;0.0418743;-6.36031e-18;0.0209372
0;0.0418743;-2.40257e-11;0
5e+10;0.0418743;-6.36031e-18;-0.0209372
1e+11;0.0418743;-2.69214e-21;-4.87546e-20
1.5e+11;0.0418743;1.38252e-18;-2.96853e-18
2e+11;0.0418743;3.50402e-18;-7.01701e-19
2.5e+11;0.0418743;9.51639e-19;9.26071e-19
-2.5e+11;0.0421206;1.42238e-18;-1.04404e-18
-2e+11;0.0421206;1.0044e-18;-8.22439e-19
-1.5e+11;0.0421206;2.89432e-18;3.08435e-18
-1e+11;0.0421206;1.19162e-18;-7.90869e-22
-5e+10;0.0421206;-6.97898e-18;0.0210603
0;0.0421206;-1.28388e-15;0
5e+10;0.0421206;-6.97898e-18;-0.0210603
1e+11;0.0421206;1.19162e-18;7.90869e-22
1.5e+11;0.0421206;2.89432e-18;-3.08435e-18
2e+11;0.0421206;1.0044e-18;8.22439e-19
2.5e+11;0.0421206;1.42238e-18;1.04404e-18
-2.5e+11;0.0423668;1.05457e-18;-4.09668e-19
-2e+11;0.0423668;2.8318e-18;1.30017e-18
-1.5e+11;0.0423668;2.02487e-18;6.36878e-19
-1e+11;0.0423668;8.82685e-19;-7.82674e-19
-5e+10;0.0423668;-7.18793e-18;0.0211834
0;0.0423668;-2.34817e-14;0
5e+10;0.0423668;-7.18793e-18;-0.0211834
1e+11;0.0423668;8.82685e-19;7.82674e-19
1.5e+11;0.0423668;2.02487e-18;-6.36878e-19
2e+11;0.0423668;2.8318e-18;-1.30017e-18
2.5e+11;0.0423668;1.05457e-18;4.09668e-19
-2.5e+11;0.042613;1.16156e-18;-4.12313e-19
-2e+11;0.042613;2.36386e-18;-1.32515e-18
-1.5e+11;0.042613;1.36193e-18;5.22841e-18
-1e+11;0.042613;1.22999e-18;1.54098e-18
-5e+10;0.042613;-6.53542e-18;0.0213065
0;0.042613;2.71963e-17;0
5e+10;0.042613;-6.53542e-18;-0.0213065
1e+11;0.042613;1.22999e-18;-1.54098e-18
1.5e+11;0.042613;1.36193e-18;-5.22841e-18
2e+11;0.042613;2.36386e-18;1.32515e-18
2.5e+11;0.042613;1.16156e-18;4.12313e-19
-2.5e+11;0.0428593;1.47499e-18;-3.14896e-19
-2e+11;0.0428593;2.19881e-18;9.74226e-19
-1.5e+11;0.0428593;2.55742e-18;2.51488e-18
-1e+11;0.0428593;2.28196e-19;1.3745e-18
-5e+10;0.0428593;-7.35853e-18;0.0214296
0;0.0428593;-7.95064e-15;0
5e+10;0.0428593;-7.35853e-18;-0.0214296
1e+11;0.0428593;2.28196e-19;-1.3745e-18
1.5e+11;0.0428593;2.55742e-18;-2.51488e-18
2e+11;0.0428593;2.19881e-18;-9.74226e-19
2.5e+11;0.0428593;1.47499e-18;3.14896e-19
-2.5e+11;0.0431055;1.27208e-18;-7.14396e-19
-2e+11;0.0431055;3.37286e-18;1.76754e-18
-1.5e+11;0.0431055;1.29967e-18;3.8415e-18
-1e+11;0.0431055;1.78221e-19;-1.73746e-18
-5e+10;0.0431055;-6.49688e-18;0.0215528
0;0.0431055;1.13412e-13;0
5e+10;0.0431055;-6.49688e-18;-0.0215528
1e+11;0.0431055;1.78221e-19;1.73746e-18
1.5e+11;0.0431055;1.29967e-18;-3.8415e-18
2e+11;0.0431055;3.37286e-18;-1.76754e-18
2.5e+11;0.0431055;1.27208e-18;7.14396e-19
-2.5e+11;0.0433517;1.57628e-18;5.53329e-19
-2e+11;0.0433517;1.61808e-18;-8.0309e-19
-1.5e+11;0.0433517;2.73432e-18;5.43559e-19
-1e+11;0.0433517;9.82384e-19;1.81646e-18
-5e+10;0.0433517;-7.4117e-18;0.0216759
0;0.0433517;-1.0503e-15;0
5e+10;0.0433517;-7.4117e-18;-0.0216759
1e+11;0.0433517;9.82384e-19;-1.81646e-18
1.5e+11;0.0433517;2.73432e-18;-5.43559e-19
2e+11;0.0433517;1.61808e-18;8.0309e-19
2.5e+11;0.0433517;1.57628e-18;-5.53329e-19
-2.5e+11;0.043598;2.93927e-18;4.40645e-19
-2e+11;0.043598;7.68382e-19;3.20995e-19
-1.5e+11;0.043598;1.06682e-18;2.20314e-18
-1e+11;0.043598;1.35663e-18;1.56897e-18
-5e+10;0.043598;-6.64513e-18;0.021799
0;0.043598;1.50881e-14;0
5e+10;0.043598;-6.64513e-18;-0.021799
1e+11;0.043598;1.35663e-18;-1.56897e-18
1.5e+11;0.043598;1.06682e-18;-2.20314e-18
2e+11;0.043598;7.68382e-19;-3.20995e-19
2.5e+11;0.043598;2.93927e-18;-4.40645e-19
-2.5e+11;0.0438442;1.17463e-18;-2.58155e-18
-2e+11;0.0438442;2.44626e-18;3.18675e-19
-1.5e+11;0.0438442;2.5675e-18;4.87628e-18
-1e+11;0.0438442;-2.65205e-19;8.76654e-19
-5e+10;0.0438442;-7.2568e-18;0.0219221
0;0.0438442;1.15168e-13;0
5e+10;0.0438442;-7.2568e-18;-0.0219221
1e+11;0.0438442;-2.65205e-19;-8.76654e-19
1.5e+11;0.0438442;2.5675e-18;-4.87628e-18
2e+11;0.0438442;2.44626e-18;-3.18675e-19
2.5e+11;0.0438442;1.17463e-18;2.58155e-18
-2.5e+11;0.0440904;2.1031e-18;6.89386e-19
-2e+11;0.0440904;2.96048e-18;2.30547e-18
-1.5e+11;0.0440904;9.4976e-19;3.38418e-18
-1e+11;0.0440904;1.11918e-19;1.0988e-18
-5e+10;0.0440904;-6.59616e-18;0.0220452
0;0.0440904;3.44119e-13;0
5e+10;0.0440904;-6.59616e-18;-0.0220452
1e+11;0.0440904;1.11918e-19;-1.0988e-18
1.5e+11;0.0440904;9.4976e-19;-3.38418e-18
2e+11;0.0440904;2.96048e-18;-2.30547e-18
2.5e+11;0.0440904;2.1031e-18;-6.89386e-19
-2.5e+11;0.0443367;1.77487e-18;1.23758e-18
-2e+11;0.0443367;3.83044e-18;2.64293e-18
-1.5e+11;0.0443367;8.76184e-19;4.33735e-18
-1e+11;0.0443367;8.77993e-19;2.01773e-18
-5e+10;0.0443367;-6.90458e-18;0.0221683
0;0.0443367;1.93115e-12;0
5e+10;0.0443367;-6.90458e-18;-0.0221683
1e+11;0.0443367;8.77993e-19;-2.01773e-18
1.5e+11;0.0443367;8.76184e-19;-4.33735e-18
2e+11;0.0443367;3.83044e-18;-2.64293e-18
2.5e+11;0.0443367;1.77487e-18;-1.23758e-18
-2.5e+11;0.0445829;1.63561e-18;-1.46355e-18
-2e+11;0.0445829;2.26706e-18;1.70636e-18
-1.5e+11;0.0445829;1.53269e-18;4.27293e-18
-1e+11;0.0445829;1.94529e-18;-2.44174e-19
-5e+10;0.0445829;-7.16346e-18;0.0222914
0;0.0445829;-1.60531e-14;0
5e+10;0.0445829;-7.16346e-18;-0.0222914
1e+11;0.0445829;1.94529e-18;2.44174e-19
1.5e+11;0.0445829;1.53269e-18;-4.27293e-18
2e+11;0.0445829;2.26706e-18;-1.70636e-18
2.5e+11;0.0445829;1.63561e-18;1.46355e-18
-2.5e+11;0.0448291;1.65221e-18;1.41469e-18
-2e+11;0.0448291;1.86654e-18;1.74416e-18
-1.5e+11;0.0448291;1.8945e-18;2.81034e-18
-1e+11;0.0448291;1.16909e-18;1.87713e-18
-5e+10;0.0448291;-7.0722e-18;0.0224146
0;0.0448291;2.4073e-14;0
5e+10;0.0448291;-7.0722e-18;-0.0224146
1e+11;0.0448291;1.16909e-18;-1.87713e-18
1.5e+11;0.0448291;1.8945e-18;-2.81034e-18
2e+11;0.0448291;1.86654e-18;-1.74416e-18
2.5e+11;0.0448291;1.65221e-18;-1.41469e-18
-2.5e+11;0.0450753;2.7477e-18;-2.38082e-18
-2e+11;0.0450753;1.80655e-18;-1.57832e-18
-1.5e+11;0.0450753;6.93749e-19;2.51414e-18
-1e+11;0.0450753;1.73837e-18;3.64058e-19
-5e+10;0.0450753;-6.81898e-18;0.0225377
0;0.0450753;-2.85635e-13;0
5e+10;0.0450753;-6.81898e-18;-0.0225377
1e+11;0.0450753;1.73837e-18;-3.64058e-19
1.5e+11;0.0450753;6.93749e-19;-2.51414e-18
2e+11;0.0450753;1.80655e-18;1.57832e-18
2.5e+11;0.0450753;2.7477e-18;2.38082e-18
-2.5e+11;0.0453216;2.72489e-18;-1.92501e-18
-2e+11;0.0453216;2.00488e-18;1.48637e-18
-1.5e+11;0.0453216;1.22539e-18;5.33073e-18
-1e+11;0.0453216;9.92327e-19;1.0426e-18
-5e+10;0.0453216;-7.26532e-18;0.0226608
0;0.0453216;-1.17575e-13;0
5e+10;0.0453216;-7.26532e-18;-0.0226608
1e+11;0.0453216;9.92327e-19;-1.0426e-18
1.5e+11;0.0453216;1.22539e-18;-5.33073e-18
2e+11;0.0453216;2.00488e-18;-1.48637e-18
2.5e+11;0.0453216;2.72489e-18;1.92501e-18
-2.5e+11;0.0455678;1.58139e-18;6.27158e-20
-2e+11;0.0455678;2.60317e-18;7.28497e-19
-1.5e+11;0.0455678;1.45833e-18;2.63178e-18
-1e+11;0.0455678;6.2625e-19;2.43678e-18
-5e+10;0.0455678;-7.10911e-18;0.0227839
0;0.0455678;1.56663e-16;0
5e+10;0.0455678;-7.10911e-18;-0.0227839
1e+11;0.0455678;6.2625e-19;-2.43678e-18
1.5e+11;0.0455678;1.45833e-18;-2.63178e-18
2e+11;0.0455678;2.60317e-18;-7.28497e-19
2.5e+11;0.0455678;1.58139e-18;-6.27158e-20
-2.5e+11;0.045814;1.30898e-18;-9.00515e-19
-2e+11;0.045814;2.39574e-18;4.59549e-18
-1.5e+11;0.045814;2.27323e-18;3.56157e-18
-1e+11;0.045814;1.6152e-18;-1.72756e-18
-5e+10;0.045814;-7.40779e-18;0.022907
0;0.045814;-2.71005e-10;0
5e+10;0.045814;-7.40779e-18;-0.022907
1e+11;0.045814;1.6152e-18;1.72756e-18
1.5e+11;0.045814;2.27323e-18;-3.56157e-18
2e+11;0.045814;2.39574e-18;-4.59549e-18
2.5e+11;0.045814;1.30898e-18;9.00515e-19
-2.5e+11;0.0460603;1.64655e-18;1.89711e-18
-2e+11;0.0460603;1.93498e-18;1.0334e-18
-1.5e+11;0.0460603;1.02061e-18;3.38167e-18
-1e+11;0.0460603;6.22796e-19;1.53413e-18
-5e+10;0.0460603;-6.27442e-18;0.0230301
0;0.0460603;1.17055e-13;0
5e+10;0.0460603;-6.27442e-18;-0.0230301
1e+11;0.0460603;6.22796e-19;-1.53413e-18
1.5e+11;0.0460603;1.02061e-18;-3.38167e-18
2e+11;0.0460603;1.93498e-18;-1.0334e-18
2.5e+11;0.0460603;1.64655e-18;-1.89711e-18
-2.5e+11;0.0463065;2.24071e-18;-9.96725e-19
-2e+11;0.0463065;3.14582e-18;2.06659e-19
-1.5e+11;0.0463065;1.24548e-18;3.8521e-18
-1e+11;0.0463065;1.3958e-19;3.26492e-18
-5e+10;0.0463065;-7.19485e-18;0.0231533
0;0.0463065;1.80236e-13;0
5e+10;0.0463065;-7.19485e-18;-0.0231533
1e+11;0.0463065;1.3958e-19;-3.26492e-18
1.5e+11;0.0463065;1.24548e-18;-3.8521e-18
2e+11;0.0463065;3.14582e-18;-2.06659e-19
2.5e+11;0.0463065;2.24071e-18;9.96725e-19
-2.5e+11;0.0465527;1.57815e-18;-3.52352e-18
-2e+11;0.0465527;4.28862e-18;8.45122e-19
-1.5e+11;0.0465527;1.92048e-18;4.816e-18
-1e+11;0.0465527;-1.18747e-18;-1.73956e-18
-5e+10;0.0465527;-7.67965e-18;0.0232764
0;0.0465527;3.45132e-14;0
5e+10;0.0465527;-7.67965e-18;-0.0232764
1e+11;0.0465527;-1.18747e-18;1.73956e-18
1.5e+11;0.0465527;1.92048e-18;-4.816e-18
2e+11;0.0465527;4.28862e-18;-8.45122e-19
2.5e+11;0.0465527;1.57815e-18;3.52352e-18
-2.5e+11;0.046799;2.20301e-18;3.72023e-18
-2e+11;0.046799;2.48319e-18;-1.18754e-18
-1.5e+11;0.046799;1.31917e-18;3.08977e-18
-1e+11;0.046799;1.1586e-18;4.64595e-18
-5e+10;0.046799;-7.5822e-18;0.0233995
0;0.046799;-9.56202e-14;0
5e+10;0.046799;-7.5822e-18;-0.0233995
1e+11;0.046799;1.1586e-18;-4.64595e-18
1.5e+11;0.046799;1.31917e-18;-3.08977e-18
2e+11;0.046799;2.48319e-18;1.18754e-18
2.5e+11;0.046799;2.20301e-18;-3.72023e-18
-2.5e+11;0.0470452;1.62804e-18;-5.10721e-20
-2e+11;0.0470452;1.79159e-18;6.82504e-19
-1.5e+11;0.0470452;2.40797e-18;6.3626e-18
-1e+11;0.0470452;2.02739e-18;4.07431e-18
-5e+10;0.0470452;-7.67818e-18;0.0235226
0;0.0470452;-1.53775e-14;0
5e+10;0.0470452;-7.67818e-18;-0.0235226
1e+11;0.0470452;2.02739e-18;-4.07431e-18
1.5e+11;0.0470452;2.40797e-18;-6.3626e-18
2e+11;0.0470452;1.79159e-18;-6.82504e-19
2.5e+11;0.0470452;1.62804e-18;5.10721e-20
-2.5e+11;0.0472914;3.14247e-18;-5.25673e-19
-2e+11;0.0472914;1.23869e-18;6.93699e-19
-1.5e+11;0.0472914;1.53023e-18;9.88782e-19
-1e+11;0.0472914;1.90941e-18;3.45669e-19
-5e+10;0.0472914;-7.5953e-18;0.0236457
0;0.0472914;-5.88808e-14;0
5e+10;0.0472914;-7.5953e-18;-0.0236457
1e+11;0.0472914;1.90941e-18;-3.45669e-19
1.5e+11;0.0472914;1.53023e-18;-9.88782e-19
2e+11;0.0472914;1.23869e-18;-6.93699e-19
2.5e+11;0.0472914;3.14247e-18;5.25673e-19
-2.5e+11;0.0475377;2.61177e-18;1.39848e-18
-2e+11;0.0475377;1.59787e-18;1.50844e-18
-1.5e+11;0.0475377;1.88988e-18;3.84454e-18
-1e+11;0.0475377;1.32904e-18;3.99921e-18
-5e+10;0.0475377;-7.94588e-18;0.0237688
0;0.0475377;1.1117e-12;0
5e+10;0.0475377;-7.94588e-18;-0.0237688
1e+11;0.0475377;1.32904e-18;-3.99921e-18
1.5e+11;0.0475377;1.88988e-18;-3.84454e-18
2e+11;0.0475377;1.59787e-18;-1.50844e-18
2.5e+11;0.0475377;2.61177e-18;-1.39848e-18
-2.5e+11;0.0477839;6.35668e-19;1.99809e-18
-2e+11;0.0477839;3.39276e-18;2.2183e-18
-1.5e+11;0.0477839;1.76684e-18;3.74779e-18
-1e+11;0.0477839;6.89149e-19;9.89729e-19
-5e+10;0.0477839;-7.23766e-18;0.0238919
0;0.0477839;-5.50561e-13;0
5e+10;0.0477839;-7.23766e-18;-0.0238919
1e+11;0.0477839;6.89149e-19;-9.89729e-19
1.5e+11;0.0477839;1.76684e-18;-3.74779e-18
2e+11;0.0477839;3.39276e-18;-2.2183e-18
2.5e+11;0.0477839;6.35668e-19;-1.99809e-18
-2.5e+11;0.0480301;1.03739e-18;-3.55201e-18
-2e+11;0.0480301;6.0149e-18;-3.10211e-18
-1.5e+11;0.0480301;2.97527e-18;5.15553e-18
-1e+11;0.0480301;2.60967e-18;-2.74678e-18
-5e+10;0.0480301;-9.28338e-18;0.0240151
0;0.0480301;2.9763e-11;0
5e+10;0.0480301;-9.28338e-18;-0.0240151
1e+11;0.0480301;2.60967e-18;2.74678e-18
1.5e+11;0.0480301;2.97527e-18;-5.15553e-18
2e+11;0.0480301;6.0149e-18;3.10211e-18
2.5e+11;0.0480301;1.03739e-18;3.55201e-18
-2.5e+11;0.0482764;5.40164e-18;-2.2484e-18
-2e+11;0.0482764;-1.2975e-19;-2.6518e-19
-1.5e+11;0.0482764;8.76346e-19;3.96208e-18
-1e+11;0.0482764;4.54534e-19;8.86984e-18
-5e+10;0.0482764;-5.94372e-18;0.0241382
0;0.0482764;4.76987e-11;0
5e+10;0.0482764;-5.94372e-18;-0.0241382
1e+11;0.0482764;4.54534e-19;-8.86984e-18
1.5e+11;0.0482764;8.76346e-19;-3.96208e-18
2e+11;0.0482764;-1.2975e-19;2.6518e-19
2.5e+11;0.0482764;5.40164e-18;2.2484e-18
-2.5e+11;0.0485226;1.71078e-18;1.88382e-18
-2e+11;0.0485226;2.04964e-18;6.30511e-20
-1.5e+11;0.0485226;1.99702e-18;3.58503e-18
-1e+11;0.0485226;2.98341e-19;3.00424e-19
-5e+10;0.0485226;-7.86781e-18;0.0242613
0;0.0485226;8.02696e-12;0
5e+10;0.0485226;-7.86781e-18;-0.0242613
1e+11;0.0485226;2.98341e-19;-3.00424e-19
1.5e+11;0.0485226;1.99702e-18;-3.58503e-18
2e+11;0.0485226;2.04964e-18;-6.30511e-20
2.5e+11;0.0485226;1.71078e-18;-1.88382e-18
-2.5e+11;0.0487688;2.47707e-18;4.28028e-18
-2e+11;0.0487688;2.04852e-18;1.10824e-17
-1.5e+11;0.0487688;-5.29053e-19;1.21793e-18
-1e+11;0.0487688;2.6196e-18;-3.06798e-18
-5e+10;0.0487688;-6.10467e-18;0.0243844
0;0.0487688;1.67802e-11;0
5e+10;0.0487688;-6.10467e-18;-0.0243844
1e+11;0.0487688;2.6196e-18;3.06798e-18
1.5e+11;0.0487688;-5.29053e-19;-1.21793e-18
2e+11;0.0487688;2.04852e-18;-1.10824e-17
2.5e+11;0.0487688;2.47707e-18;-4.28028e-18
-2.5e+11;0.049015;-2.6222e-18;-6.66554e-18
-2e+11;0.049015;7.13525e-18;-5.9542e-18
-1.5e+11;0.049015;4.11489e-18;1.68384e-17
-1e+11;0.049015;7.59057e-19;-1.46571e-17
-5e+10;0.049015;-8.72034e-18;0.0245075
0;0.049015;2.75545e-12;0
5e+10;0.049015;-8.72034e-18;-0.0245075
1e+11;0.049015;7.59057e-19;1.46571e-17
1.5e+11;0.049015;4.11489e-18;-1.68384e-17
2e+11;0.049015;7.13525e-18;5.9542e-18
2.5e+11;0.049015;-2.6222e-18;6.66554e-18
-2.5e+11;0.0492613;3.54154e-18;-7.355e-19
-2e+11;0.0492613;7.52602e-18;1.68838e-17
-1.5e+11;0.0492613;-1.82389e-19;4.65515e-18
-1e+11;0.0492613;-7.40507e-18;-1.47922e-17
-5e+10;0.0492613;-8.37197e-18;0.0246306
0;0.0492613;-5.82552e-12;0
5e+10;0.0492613;-8.37197e-18;-0.0246306
1e+11;0.0492613;-7.40507e-18;1.47922e-17
1.5e+11;0.0492613;-1.82389e-19;-4.65515e-18
2e+11;0.0492613;7.52602e-18;-1.68838e-17
2.5e+11;0.0492613;3.54154e-18;7.355e-19
-2.5e+11;0.0495075;1.55133e-18;3.20197e-19
-2e+11;0.0495075;2.90734e-18;3.29418e-19
-1.5e+11;0.0495075;2.21077e-18;3.94883e-18
-1e+11;0.0495075;7.85042e-19;3.26656e-18
-5e+10;0.0495075;-7.5375e-18;0.0247538
0;0.0495075;-3.68598e-12;0
5e+10;0.0495075;-7.5375e-18;-0.0247538
1e+11;0.0495075;7.85042e-19;-3.26656e-18
1.5e+11;0.0495075;2.21077e-18;-3.94883e-18
2e+11;0.0495075;2.90734e-18;-3.29418e-19
2.5e+11;0.0495075;1.55133e-18;-3.20197e-19
-2.5e+11;0.0497537;2.34279e-18;-1.79814e-18
-2e+11;0.0497537;2.13477e-18;-1.87573e-18
-1.5e+11;0.0497537;1.63801e-18;2.16383e-18
-1e+11;0.0497537;5.2042e-19;7.1583e-19
-5e+10;0.0497537;-7.87475e-18;0.0248769
0;0.0497537;1.96544e-10;0
5e+10;0.0497537;-7.87475e-18;-0.0248769
1e+11;0.0497537;5.2042e-19;-7.1583e-19
1.5e+11;0.0497537;1.63801e-18;-2.16383e-18
2e+11;0.0497537;2.13477e-18;1.87573e-18
2.5e+11;0.0497537;2.34279e-18;1.79814e-18
-2.5e+11;0.05;-2.6898e-18;1.07635e-19
-2e+11;0.05;2.67133e-18;-5.02407e-18
-1.5e+11;0.05;3.99333e-18;6.11712e-18
-1e+11;0.05;2.87856e-18;7.8994e-19
-5e+10;0.05;-7.47018e-18;0.025
0;0.05;9.92475e-10;0
5e+10;0.05;-7.47018e-18;-0.025
1e+11;0.05;2.87856e-18;-7.8994e-19
1.5e+11;0.05;3.99333e-18;-6.11712e-18
2e+11;0.05;2.67133e-18;5.02407e-18
2.5e+11;0.05;-2.6898e-18;-1.07635e-19
